#{"t_start": 1746049851.126997, "env_id": "None"}
r,l,t
-1.0,1,77.4783
-1.0,1,77.480833
1.0,1,77.483123
1.0,1,77.485438
1.0,1,77.487801
-1.0,1,77.490073
1.0,1,77.492328
-1.0,1,77.494564
1.0,1,77.496855
-1.0,1,77.499136
1.0,1,77.501376
1.0,1,77.503704
1.0,1,77.505962
1.0,1,77.508232
-1.0,1,77.510495
1.0,1,77.51274
-1.0,1,77.514977
1.0,1,77.517247
-1.0,1,77.519524
-1.0,1,77.521843
1.0,1,77.524767
-1.0,1,77.527054
1.0,1,77.529302
1.0,1,77.53153
1.0,1,77.533789
-1.0,1,77.536029
-1.0,1,77.538348
1.0,1,77.540617
-1.0,1,77.542851
-1.0,1,77.545099
1.0,1,77.547464
-1.0,1,77.549713
1.0,1,77.55195
1.0,1,77.554156
1.0,1,77.556513
-1.0,1,77.558731
-1.0,1,77.560964
1.0,1,77.563194
-1.0,1,77.565464
-1.0,1,77.567707
-1.0,1,77.569969
1.0,1,77.572304
1.0,1,77.574556
1.0,1,77.576848
1.0,1,77.579115
1.0,1,77.581394
-1.0,1,77.583652
-1.0,1,77.585917
1.0,1,77.588222
-1.0,1,77.590487
1.0,1,153.635839
1.0,1,153.638469
-1.0,1,153.641025
-1.0,5,153.646498
-1.0,1,153.648747
-1.0,3,153.652248
1.0,1,153.654492
1.0,1,153.657005
1.0,1,153.659551
1.0,1,153.661906
1.0,1,153.664154
1.0,1,153.666407
1.0,1,153.668637
1.0,1,153.670885
-1.0,1,153.673209
1.0,1,153.67547
-1.0,1,153.677746
1.0,2,153.680602
1.0,1,153.682973
1.0,1,153.685261
1.0,1,153.687544
1.0,1,153.689891
-1.0,1,153.692147
1.0,1,153.694371
1.0,4,153.698664
1.0,1,153.700954
1.0,2,153.703841
-1.0,1,153.706194
1.0,1,153.708429
1.0,1,153.710631
1.0,1,153.71289
1.0,1,153.715162
-1.0,1,153.717393
-1.0,1,153.719645
1.0,1,153.721954
1.0,1,153.724224
1.0,2,153.727131
1.0,1,153.729385
1.0,1,153.7316
1.0,1,153.733846
1.0,1,153.736113
1.0,1,153.73843
1.0,1,153.740697
1.0,1,153.742988
1.0,1,153.745221
1.0,1,153.747493
-1.0,1,153.749756
1.0,1,153.752033
1.0,1,153.754353
1.0,2,153.757303
-0.5,10,229.450122
1.0,2,229.453134
1.0,1,229.455534
-1.0,1,229.457904
1.0,3,229.461411
1.0,4,229.465621
1.0,2,229.468809
-1.0,1,229.471074
1.0,1,229.473446
-1.0,3,229.477098
1.0,1,229.479337
-0.5,10,229.486931
1.0,1,229.489302
1.0,2,229.492179
-1.0,7,229.498143
-1.0,1,229.50039
1.0,1,229.502663
1.0,1,229.504956
1.0,9,229.512154
-1.0,1,229.514406
1.0,1,229.516893
1.0,5,229.521832
-1.0,1,229.524192
1.0,1,229.526505
-1.0,1,229.528797
-1.0,1,229.531034
1.0,1,229.533285
1.0,1,229.53555
1.0,1,229.537799
1.0,1,229.540093
-1.0,1,229.54234
1.0,1,229.544591
1.0,1,229.54682
1.0,4,229.550961
1.0,2,229.553886
1.0,5,229.558732
1.0,1,229.560997
-0.5,10,229.568828
1.0,1,229.571066
-1.0,1,229.573344
1.0,1,229.575582
-1.0,1,229.577873
-1.0,1,229.580084
1.0,1,229.582358
1.0,5,229.587081
1.0,1,229.589404
-1.0,1,229.59167
1.0,7,229.59765
1.0,4,229.601781
1.0,1,229.604058
1.0,1,300.769853
1.0,3,300.774358
1.0,2,300.777342
1.0,1,300.779825
1.0,1,300.782315
1.0,6,300.787908
-0.5,10,300.799023
1.0,1,300.802204
1.0,6,300.809109
1.0,1,300.811918
1.0,1,300.814705
1.0,3,300.818325
-0.5,10,300.827414
1.0,1,300.830409
-0.5,10,300.83819
1.0,3,300.841755
-0.5,10,300.849354
-1.0,2,300.852208
-0.5,10,300.85981
1.0,1,300.86201
-0.5,10,300.869656
-0.5,10,300.877248
1.0,9,300.885004
1.0,1,300.887425
1.0,4,300.892128
1.0,1,300.894897
1.0,4,300.900124
-0.5,10,300.908875
1.0,1,300.911369
-1.0,1,300.913576
1.0,9,300.9208
-0.5,10,300.929011
1.0,3,300.932462
1.0,1,300.935094
1.0,6,300.942861
1.0,1,300.945714
-0.5,10,300.954906
1.0,1,300.95767
1.0,1,300.960409
1.0,5,300.965375
-0.5,10,300.973537
1.0,1,300.976324
-0.5,10,300.983958
1.0,1,300.986212
1.0,1,300.988461
-0.5,10,300.996266
1.0,5,301.000908
1.0,4,301.005067
1.0,1,301.007408
1.0,1,301.009661
-0.5,10,358.986404
1.0,8,358.992956
1.0,1,358.995224
1.0,1,358.997432
1.0,10,359.005175
-1.0,1,359.007409
1.0,1,359.009633
-0.5,10,359.017102
1.0,1,359.01934
-0.5,10,359.026815
1.0,1,359.029059
1.0,4,359.033133
1.0,3,359.036553
1.0,3,359.040004
1.0,1,359.04229
-0.5,10,359.049766
-0.5,10,359.057162
1.0,1,359.059333
-0.5,10,359.066838
1.0,1,359.069062
1.0,1,359.071304
-0.5,10,359.078766
1.0,2,359.081637
-0.5,10,359.089115
1.0,1,359.091385
1.0,3,359.09485
-0.5,10,359.102375
1.0,1,359.104585
1.0,5,359.109225
1.0,6,359.114543
1.0,1,359.116786
1.0,1,359.11903
1.0,1,359.121264
1.0,1,359.123479
1.0,3,359.126929
-1.0,1,359.129155
-0.5,10,359.136593
1.0,6,359.141814
1.0,1,359.144011
1.0,1,359.146208
-0.5,10,359.153655
1.0,9,359.160771
-0.5,10,359.16835
1.0,1,359.170733
1.0,5,359.175404
1.0,2,359.178234
1.0,1,359.180487
-0.5,10,359.187942
-0.5,10,359.195424
1.0,1,359.197647
1.0,2,409.331718
1.0,1,409.33406
1.0,3,409.337717
-0.5,10,409.345448
1.0,6,409.350691
-0.5,10,409.358207
1.0,5,409.363027
-1.0,1,409.365275
1.0,1,409.367496
1.0,8,409.373988
1.0,1,409.376264
1.0,1,409.378535
1.0,1,409.380799
-0.5,10,409.388331
1.0,1,409.390608
1.0,2,409.393444
1.0,10,409.401149
1.0,1,409.403349
1.0,6,409.40861
1.0,5,409.413243
1.0,4,409.417292
1.0,9,409.424358
1.0,1,409.426587
-1.0,1,409.428823
1.0,1,409.431041
1.0,1,409.433282
-0.5,10,409.440734
-1.0,1,409.442978
1.0,5,409.447655
1.0,1,409.449901
1.0,4,409.453971
-0.5,10,409.461502
1.0,4,409.465484
1.0,1,409.467734
-0.5,10,409.475193
1.0,1,409.477459
1.0,1,409.479695
1.0,1,409.482
1.0,1,409.484197
-0.5,10,409.491728
1.0,9,409.498787
1.0,6,409.504035
1.0,10,409.511707
1.0,8,409.518215
1.0,1,409.52045
1.0,2,409.523334
1.0,1,409.525586
1.0,1,409.528021
-0.5,10,409.535493
1.0,1,409.537722
1.0,5,458.080773
1.0,1,458.083034
1.0,1,458.085273
1.0,3,458.088753
1.0,1,458.090983
1.0,9,458.098154
1.0,9,458.105286
1.0,1,458.107548
1.0,3,458.110982
1.0,10,458.118731
1.0,6,458.124052
1.0,4,458.128142
-0.5,10,458.135669
-0.5,10,458.143393
1.0,4,458.147486
1.0,5,458.152262
1.0,5,458.156925
1.0,3,458.160384
1.0,1,458.162562
1.0,1,458.16483
1.0,3,458.168421
1.0,5,458.173238
1.0,2,458.176185
-0.5,10,458.183773
1.0,7,458.189785
1.0,10,458.197504
1.0,8,458.204012
-0.5,10,458.211523
1.0,6,458.216789
1.0,7,458.222697
-1.0,1,458.224933
1.0,2,458.227789
1.0,2,458.230727
-1.0,1,458.232966
-0.5,10,458.240664
1.0,1,458.242943
-1.0,1,458.245251
1.0,7,458.251221
1.0,1,458.253516
1.0,4,458.257657
1.0,1,458.259939
1.0,1,458.262246
1.0,1,458.264549
1.0,4,458.268779
1.0,10,458.276558
-0.5,10,458.284032
-0.5,10,458.291587
1.0,5,458.296282
1.0,7,458.302218
1.0,4,458.306301
1.0,8,507.266572
1.0,1,507.269469
1.0,3,507.272919
1.0,10,507.280527
1.0,5,507.285176
1.0,1,507.287508
1.0,6,507.292736
1.0,1,507.294922
1.0,1,507.297169
1.0,1,507.29942
1.0,6,507.304628
1.0,1,507.306866
1.0,3,507.310311
-1.0,1,507.312536
1.0,2,507.315383
1.0,1,507.317589
-0.5,10,507.325015
1.0,2,507.327848
1.0,1,507.330059
-1.0,1,507.332271
1.0,1,507.334485
1.0,1,507.336688
1.0,1,507.338886
-1.0,1,507.341103
1.0,1,507.343338
1.0,5,507.347973
1.0,2,507.350811
1.0,1,507.353018
-1.0,1,507.355222
-0.5,10,507.362744
1.0,3,507.366114
1.0,2,507.368959
1.0,4,507.372971
1.0,3,507.376425
1.0,8,507.382846
-1.0,1,507.385086
1.0,1,507.450814
1.0,1,507.453372
1.0,7,507.459468
1.0,1,507.46173
1.0,1,507.463981
1.0,3,507.467468
-1.0,1,507.46968
-1.0,1,507.471895
1.0,1,507.474128
-1.0,7,507.480044
1.0,2,507.482876
1.0,5,507.487516
1.0,6,507.492796
1.0,7,507.498678
1.0,6,556.419894
-0.5,10,556.429885
1.0,1,556.432905
-1.0,4,556.438492
1.0,1,556.441492
1.0,8,556.449816
1.0,3,556.454636
-1.0,1,556.457416
1.0,3,556.461315
1.0,6,556.468047
1.0,5,556.477564
1.0,1,556.482727
1.0,8,556.49714
1.0,1,556.502851
-1.0,4,556.511481
1.0,1,556.515671
1.0,5,556.52242
1.0,4,556.527241
-0.5,10,556.535897
1.0,1,556.538453
1.0,5,556.54404
1.0,7,556.551272
1.0,4,556.555946
-0.5,10,556.564856
1.0,5,556.570464
1.0,2,556.573566
1.0,5,556.579068
-0.5,10,556.588679
1.0,1,556.591703
1.0,3,556.596491
1.0,3,556.601091
1.0,6,556.611124
1.0,6,556.621483
1.0,3,556.627223
1.0,8,556.635489
-1.0,1,556.638539
-0.5,10,556.64816
-0.5,10,556.657792
-1.0,1,556.661428
1.0,5,556.668375
-0.5,10,556.678317
1.0,9,556.687407
1.0,1,556.690089
1.0,5,556.696016
1.0,1,556.698956
1.0,5,556.704827
1.0,1,556.708217
1.0,2,556.711722
1.0,8,556.720688
1.0,2,556.724541
-1.0,1,613.016424
1.0,2,613.020191
1.0,9,613.028414
1.0,5,613.033811
1.0,1,613.036566
1.0,4,613.041194
1.0,1,613.043837
1.0,6,613.050325
-0.5,10,613.058703
-1.0,6,613.064703
1.0,1,613.067964
1.0,2,613.07164
-0.5,10,613.080528
-1.0,2,613.084027
1.0,1,613.08683
1.0,6,613.092867
1.0,1,613.095441
1.0,2,613.099011
1.0,1,613.101744
1.0,5,613.107101
1.0,1,613.109705
1.0,3,613.113709
1.0,4,613.118272
1.0,1,613.120891
1.0,1,613.123433
1.0,6,613.129193
1.0,1,613.131567
1.0,8,613.138773
1.0,3,613.142845
-1.0,1,613.145737
1.0,1,613.14861
1.0,4,613.153156
-1.0,4,613.157911
1.0,1,613.160544
1.0,1,613.163481
1.0,1,613.166033
-1.0,4,613.170838
1.0,9,613.178792
1.0,6,613.184633
-0.5,10,613.192605
-1.0,1,613.195074
1.0,1,613.19807
1.0,1,613.200729
1.0,1,613.203338
1.0,3,613.207379
1.0,5,613.212535
1.0,6,613.218617
1.0,4,613.22334
1.0,1,613.226052
-0.5,10,613.234342
-1.0,1,670.264947
1.0,7,670.272356
1.0,4,670.277279
-0.5,10,670.287214
-1.0,2,670.291209
1.0,6,670.297449
1.0,4,670.302465
1.0,2,670.305953
1.0,1,670.308353
1.0,4,670.313288
-0.5,10,670.32148
1.0,3,670.325538
-0.5,10,670.334315
-1.0,1,670.336967
-1.0,1,670.339806
1.0,4,670.344573
1.0,7,670.351083
-0.5,10,670.35949
1.0,7,670.366119
1.0,8,670.373238
-1.0,5,670.378383
1.0,6,670.384232
1.0,1,670.386884
-0.5,10,670.395048
1.0,3,670.398994
1.0,2,670.402434
1.0,1,670.405032
1.0,4,670.409825
-1.0,6,670.41577
1.0,1,670.41822
1.0,8,670.424973
-0.5,10,670.43304
-0.5,10,670.44124
-0.5,10,670.449378
1.0,4,670.453759
1.0,1,670.456319
1.0,1,670.458938
1.0,4,670.463372
1.0,8,670.470472
1.0,1,670.473043
-1.0,1,670.475339
1.0,10,670.483738
1.0,1,670.486384
1.0,3,670.49016
1.0,1,670.492695
1.0,1,670.495196
-0.5,10,670.503625
-0.5,10,670.511518
1.0,3,670.515306
1.0,7,670.521523
1.0,5,724.887697
1.0,4,724.892826
1.0,4,724.897837
-1.0,1,724.900423
1.0,4,724.905289
1.0,3,724.909396
1.0,10,724.918307
1.0,1,724.920892
1.0,7,724.927458
1.0,2,724.930591
1.0,5,724.936559
1.0,8,724.943723
1.0,1,724.946501
-1.0,1,724.948913
1.0,1,724.951598
1.0,5,724.957155
1.0,8,724.964845
1.0,9,724.973284
1.0,3,724.977407
1.0,1,724.980341
1.0,1,724.983272
1.0,2,724.986787
-1.0,1,724.989564
-0.5,10,724.997842
-1.0,1,725.000891
1.0,1,725.003913
1.0,6,725.009891
-1.0,3,725.013578
-0.5,10,725.022286
1.0,3,725.026325
1.0,1,725.029101
-0.5,10,725.038042
1.0,1,725.040513
1.0,1,725.043245
-0.5,10,725.052124
1.0,2,725.055226
1.0,10,725.064106
1.0,7,725.070896
1.0,2,725.074784
1.0,7,725.081815
1.0,3,725.086063
1.0,1,725.088408
1.0,3,725.092535
1.0,4,725.097026
1.0,1,725.100709
-0.5,10,725.109513
1.0,3,725.113591
1.0,6,725.120036
1.0,4,725.124651
1.0,3,725.129046
1.0,2,777.136718
1.0,2,777.14037
1.0,6,777.146629
1.0,4,777.151919
1.0,7,777.15864
-0.5,10,777.167386
1.0,1,777.170506
1.0,1,777.1738
-0.5,10,777.182292
1.0,6,777.188352
1.0,2,777.191462
1.0,7,777.198457
1.0,1,777.201787
-0.5,10,777.209996
1.0,3,777.214449
1.0,5,777.221028
1.0,4,777.225424
1.0,4,777.229975
1.0,2,777.233091
1.0,3,777.236989
1.0,4,777.241119
-0.5,10,777.248951
1.0,1,777.251686
1.0,4,777.25622
1.0,1,777.258568
1.0,6,777.26418
1.0,6,777.26989
1.0,5,777.274639
1.0,2,777.277858
1.0,5,777.283156
-0.5,10,777.291057
1.0,3,777.294562
-1.0,3,777.29818
1.0,5,777.303341
1.0,2,777.30628
-1.0,3,777.309921
-0.5,10,777.318819
1.0,3,777.32261
1.0,8,777.329519
1.0,2,777.332542
1.0,2,777.335543
1.0,2,777.338634
1.0,5,777.343481
1.0,2,777.346658
-1.0,1,777.34896
-0.5,10,777.356723
1.0,1,777.359193
-0.5,10,777.366784
1.0,4,777.371094
1.0,6,777.376657
1.0,3,835.508195
1.0,1,835.510801
1.0,5,835.516241
1.0,1,835.518868
-1.0,1,835.522126
-1.0,1,835.524693
1.0,6,835.530681
1.0,4,835.535432
1.0,5,835.540496
-0.5,10,835.548556
1.0,2,835.551816
1.0,3,835.555695
1.0,1,835.558333
1.0,1,835.561143
1.0,2,835.564469
1.0,3,835.568343
1.0,4,835.573131
1.0,1,835.576073
1.0,3,835.580078
1.0,3,835.584442
1.0,3,835.588487
1.0,1,835.59124
1.0,4,835.595715
1.0,5,835.600978
1.0,4,835.606829
-0.5,10,835.618696
1.0,2,835.622263
1.0,1,835.625038
1.0,4,835.629915
1.0,7,835.637002
1.0,4,835.642002
1.0,5,835.647222
-1.0,5,835.652391
1.0,2,835.655736
1.0,2,835.659127
1.0,1,835.661606
-0.5,10,835.669766
1.0,3,835.67353
1.0,1,835.675941
-1.0,3,835.679767
1.0,1,835.682321
1.0,1,835.684781
1.0,1,835.687268
-1.0,2,835.690386
1.0,4,835.69471
1.0,9,835.702258
1.0,2,835.705225
1.0,7,835.711276
-0.5,10,835.718969
1.0,4,835.723276
1.0,8,892.402134
1.0,5,892.4069
1.0,6,892.412228
1.0,3,892.415671
1.0,1,892.417884
1.0,9,892.424915
-1.0,1,892.427157
1.0,2,892.429981
1.0,4,892.43401
1.0,1,892.436252
1.0,1,892.438451
1.0,4,892.442503
1.0,9,892.449495
1.0,1,892.451737
1.0,3,892.455167
1.0,1,892.457399
1.0,1,892.459626
1.0,1,892.46184
1.0,1,892.464101
1.0,5,892.468812
1.0,3,892.472242
1.0,1,892.47445
1.0,3,892.477886
1.0,7,892.483684
-1.0,1,892.485881
1.0,1,892.488075
1.0,3,892.491508
1.0,3,892.494943
1.0,5,892.499532
1.0,1,892.501736
1.0,4,892.50576
1.0,6,892.511016
1.0,1,892.513293
1.0,3,892.516732
1.0,3,892.520131
1.0,7,892.525958
1.0,1,892.528182
-1.0,1,892.530384
-1.0,6,892.535629
1.0,8,892.542082
1.0,3,892.545517
1.0,4,892.549563
-0.5,10,892.557011
1.0,2,892.559834
-1.0,1,892.56201
1.0,1,892.564259
1.0,8,892.570711
1.0,4,892.574747
1.0,8,892.581157
1.0,5,892.585797
1.0,5,943.26877
1.0,4,943.272865
1.0,7,943.278792
1.0,4,943.282842
-1.0,1,943.285086
-1.0,4,943.289164
1.0,4,943.293224
-1.0,1,943.295455
1.0,4,943.299518
1.0,1,943.301746
1.0,1,943.303944
1.0,8,943.3104
1.0,4,943.314461
1.0,9,943.321509
1.0,7,943.327365
1.0,5,943.331972
1.0,5,943.336612
1.0,5,943.34124
1.0,3,943.344708
1.0,1,943.346916
1.0,3,943.350597
1.0,1,943.352865
1.0,3,943.35629
1.0,7,943.362159
1.0,1,943.364393
-0.5,10,943.371788
1.0,3,943.375239
1.0,2,943.378135
1.0,4,943.382169
-1.0,7,943.388059
-1.0,1,943.390297
1.0,1,943.392519
-1.0,1,943.394729
-1.0,1,943.396944
-1.0,1,943.399163
1.0,2,943.401979
-1.0,7,943.40777
1.0,8,943.414241
-1.0,2,943.417086
1.0,1,943.419318
1.0,1,943.421526
1.0,5,943.42622
1.0,2,943.429058
1.0,6,943.434396
1.0,2,943.437217
1.0,6,943.442477
-0.5,10,943.449898
1.0,5,943.454535
1.0,2,943.45736
-1.0,2,943.460201
-1.0,1,997.167253
1.0,5,997.17317
1.0,1,997.175627
1.0,4,997.180154
1.0,2,997.183258
1.0,8,997.190573
1.0,2,997.194154
1.0,1,997.196503
1.0,4,997.201138
1.0,1,997.203607
1.0,3,997.207771
1.0,4,997.2122
1.0,6,997.218112
1.0,5,997.223406
1.0,3,997.227615
1.0,1,997.230006
-1.0,5,997.23508
1.0,3,997.23864
1.0,2,997.24249
1.0,4,997.247088
1.0,4,997.251947
1.0,2,997.255493
-1.0,1,997.258126
1.0,10,997.266624
1.0,3,997.270609
1.0,1,997.273128
1.0,4,997.277793
1.0,5,997.28282
1.0,1,997.285333
-1.0,1,997.287679
1.0,1,997.290659
-0.5,10,997.298739
1.0,1,997.30121
1.0,1,997.303598
-0.5,10,997.311691
-1.0,1,997.314019
1.0,2,997.317135
1.0,6,997.323159
1.0,3,997.327632
1.0,8,997.334893
1.0,7,997.341644
1.0,1,997.34423
1.0,1,997.346586
1.0,3,997.350124
1.0,3,997.353697
1.0,2,997.356816
1.0,1,997.359426
1.0,2,997.362724
1.0,1,997.365839
1.0,5,997.371695
-1.0,5,1053.27879
1.0,3,1053.283006
1.0,6,1053.288383
1.0,7,1053.294278
1.0,5,1053.298974
1.0,1,1053.301187
1.0,3,1053.304633
1.0,1,1053.306859
1.0,1,1053.309092
-1.0,1,1053.311335
1.0,6,1053.316625
1.0,2,1053.319492
-1.0,1,1053.321768
1.0,2,1053.324617
1.0,3,1053.328181
-1.0,1,1053.330448
1.0,4,1053.334616
1.0,4,1053.338726
1.0,4,1053.342968
1.0,2,1053.345868
1.0,3,1053.349411
1.0,2,1053.352322
1.0,8,1053.358963
1.0,5,1053.363713
1.0,7,1053.369587
-1.0,10,1053.377411
1.0,1,1053.379675
1.0,3,1053.383202
1.0,1,1053.385495
1.0,5,1053.390333
1.0,1,1053.392628
-0.5,10,1053.400329
1.0,1,1053.402615
-1.0,3,1053.406143
1.0,4,1053.410327
-0.5,10,1053.417929
-1.0,6,1053.423304
1.0,3,1053.426766
1.0,3,1053.430319
-1.0,7,1053.436347
1.0,1,1053.438605
1.0,6,1053.444056
-1.0,1,1053.446346
-1.0,1,1053.448625
1.0,7,1053.454657
-0.5,10,1053.462286
1.0,4,1053.46643
1.0,2,1053.469284
-0.5,10,1053.476964
1.0,1,1053.479238
1.0,5,1103.540916
1.0,10,1103.549414
1.0,4,1103.553849
1.0,3,1103.557433
-1.0,4,1103.561852
1.0,5,1103.566922
1.0,1,1103.569578
-1.0,2,1103.573008
-0.5,10,1103.581241
1.0,3,1103.584773
1.0,1,1103.587127
-1.0,2,1103.590109
1.0,1,1103.59238
1.0,1,1103.594784
1.0,1,1103.597363
1.0,6,1103.603665
1.0,1,1103.60616
-0.5,10,1103.614576
1.0,5,1103.619897
1.0,7,1103.626352
1.0,1,1103.628981
-0.5,10,1103.636826
1.0,7,1103.643005
1.0,9,1103.65033
1.0,1,1103.652779
1.0,5,1103.657661
1.0,3,1103.661192
1.0,8,1103.668122
1.0,4,1103.672634
1.0,3,1103.676642
1.0,1,1103.678884
1.0,2,1103.68184
1.0,1,1103.6843
1.0,1,1103.686743
1.0,2,1103.68993
1.0,1,1103.69247
1.0,3,1103.696129
1.0,2,1103.699431
1.0,1,1103.701715
1.0,2,1103.704886
1.0,5,1103.710093
1.0,7,1103.716635
1.0,7,1103.72304
1.0,5,1103.728623
1.0,2,1103.731866
1.0,2,1103.735397
1.0,3,1103.739498
1.0,2,1103.743192
1.0,2,1103.746846
-1.0,1,1103.749667
-1.0,5,1163.868616
1.0,10,1163.87802
-0.5,10,1163.886444
-1.0,1,1163.888984
1.0,8,1163.8967
1.0,7,1163.902985
1.0,5,1163.907768
1.0,6,1163.913172
1.0,4,1163.917371
1.0,4,1163.921681
1.0,1,1163.923994
1.0,2,1163.926949
1.0,4,1163.931176
-1.0,5,1163.936218
-0.5,10,1163.944385
1.0,5,1163.94954
1.0,4,1163.95414
1.0,2,1163.957508
1.0,1,1163.960329
1.0,7,1163.966861
1.0,8,1163.974293
1.0,2,1163.977649
1.0,3,1163.981862
1.0,1,1163.984319
1.0,10,1163.992557
1.0,9,1164.000668
1.0,7,1164.007362
-1.0,5,1164.013255
1.0,10,1164.021755
1.0,1,1164.024515
-1.0,3,1164.028359
1.0,5,1164.033718
1.0,3,1164.038141
-1.0,2,1164.041732
1.0,6,1164.048341
1.0,5,1164.053946
1.0,2,1164.057757
1.0,10,1164.066526
1.0,1,1164.069095
-0.5,10,1164.077764
1.0,4,1164.082414
1.0,1,1164.085282
-0.5,10,1164.093678
1.0,6,1164.09966
1.0,2,1164.102858
1.0,1,1164.105297
1.0,7,1164.112074
1.0,1,1164.114686
1.0,4,1164.119302
1.0,4,1164.124141
1.0,5,1214.236474
-0.5,10,1214.244084
1.0,7,1214.249924
-1.0,8,1214.257154
1.0,4,1214.26193
1.0,3,1214.266292
-0.5,10,1214.273879
1.0,1,1214.276278
1.0,1,1214.278559
-0.5,10,1214.286161
1.0,7,1214.292126
1.0,1,1214.294362
1.0,2,1214.297194
1.0,1,1214.299499
-0.5,10,1214.307037
1.0,8,1214.31357
-1.0,1,1214.315806
-0.5,10,1214.32326
1.0,5,1214.32794
1.0,8,1214.334397
1.0,1,1214.336603
-0.5,10,1214.344087
1.0,4,1214.348132
-1.0,1,1214.350357
1.0,7,1214.356278
-1.0,3,1214.359732
1.0,6,1214.364997
1.0,3,1214.368433
1.0,3,1214.371879
1.0,4,1214.375911
1.0,3,1214.379367
-0.5,10,1214.386806
-0.5,10,1214.394331
1.0,5,1214.399044
1.0,6,1214.404504
1.0,1,1214.406845
1.0,4,1214.410995
1.0,10,1214.418662
1.0,1,1214.421088
1.0,1,1214.423332
-1.0,5,1214.428065
1.0,1,1214.430332
1.0,8,1214.436799
1.0,5,1214.441454
-1.0,4,1214.445523
1.0,1,1214.447731
1.0,3,1214.451249
1.0,2,1214.454114
1.0,2,1214.457
1.0,3,1214.460482
1.0,1,1261.770313
1.0,4,1261.774505
1.0,3,1261.777988
1.0,2,1261.780819
1.0,2,1261.783648
1.0,7,1261.789477
1.0,7,1261.795279
1.0,4,1261.799346
-0.5,10,1261.806754
1.0,9,1261.813801
1.0,8,1261.82026
1.0,7,1261.826095
1.0,8,1261.83258
-1.0,7,1261.83841
1.0,6,1261.843702
-0.5,10,1261.851124
1.0,6,1261.856382
1.0,1,1261.858667
1.0,4,1261.862824
1.0,1,1261.865091
-1.0,1,1261.867354
1.0,1,1261.869645
1.0,5,1261.874517
1.0,7,1261.880473
-0.5,10,1261.88797
1.0,1,1261.890278
1.0,4,1261.894344
1.0,4,1261.898422
1.0,5,1261.903116
1.0,5,1261.907753
1.0,1,1261.910004
1.0,4,1261.91411
1.0,2,1261.916952
1.0,2,1261.919812
1.0,2,1261.922675
1.0,4,1261.926797
1.0,2,1261.929681
1.0,3,1261.93315
1.0,3,1261.936631
1.0,1,1261.938879
1.0,6,1261.944282
-1.0,1,1261.946556
1.0,2,1261.949424
1.0,3,1261.953009
1.0,4,1261.957148
1.0,3,1261.960594
1.0,2,1261.963438
1.0,2,1261.966345
1.0,5,1261.971073
1.0,3,1261.974581
-1.0,6,1312.122346
1.0,4,1312.12675
1.0,1,1312.129103
1.0,4,1312.133106
1.0,8,1312.139573
1.0,5,1312.144215
1.0,5,1312.148847
1.0,10,1312.156487
-1.0,6,1312.161739
1.0,1,1312.163943
1.0,2,1312.166753
-1.0,1,1312.168971
1.0,9,1312.176065
1.0,1,1312.178333
1.0,4,1312.182404
1.0,1,1312.184643
1.0,4,1312.188663
1.0,6,1312.193943
1.0,5,1312.198568
1.0,4,1312.202629
1.0,3,1312.206067
-1.0,3,1312.209546
1.0,9,1312.216597
1.0,2,1312.219424
1.0,10,1312.227111
1.0,3,1312.230664
1.0,8,1312.237222
-0.5,10,1312.244766
1.0,3,1312.248279
1.0,7,1312.254282
-0.5,10,1312.261752
1.0,7,1312.267703
1.0,1,1312.270012
1.0,8,1312.276472
1.0,1,1312.278785
1.0,9,1312.285939
1.0,7,1312.291881
1.0,3,1312.295349
1.0,7,1312.301335
-0.5,10,1312.308839
1.0,1,1312.311076
1.0,5,1312.315945
1.0,4,1312.320037
1.0,3,1312.323501
1.0,1,1312.325711
1.0,1,1312.32795
-0.5,10,1312.335452
1.0,1,1312.33771
1.0,6,1312.343009
1.0,1,1312.345257
1.0,6,1359.851226
1.0,2,1359.854704
-0.5,10,1359.862406
1.0,6,1359.867796
1.0,4,1359.871903
1.0,7,1359.877817
1.0,9,1359.88501
1.0,8,1359.891522
-1.0,1,1359.893844
1.0,8,1359.900502
1.0,8,1359.907089
1.0,3,1359.910632
1.0,3,1359.91411
1.0,8,1359.920691
1.0,4,1359.924859
1.0,5,1359.929578
1.0,3,1359.933047
-1.0,1,1359.935363
1.0,5,1359.940079
1.0,7,1359.946176
1.0,3,1359.949732
-0.5,10,1359.957252
1.0,3,1359.960769
-0.5,10,1359.968343
1.0,3,1359.97188
-0.5,10,1359.979459
1.0,5,1359.984246
1.0,1,1359.986498
1.0,1,1359.988816
1.0,1,1359.991099
1.0,4,1359.995241
-0.5,10,1360.002979
1.0,6,1360.008384
1.0,1,1360.010693
-1.0,2,1360.013641
1.0,1,1360.015942
1.0,8,1360.022589
1.0,6,1360.028016
1.0,1,1360.030294
-1.0,1,1360.032586
1.0,2,1360.035507
-0.5,10,1360.04313
1.0,3,1360.046679
1.0,6,1360.052131
-0.5,10,1360.059729
1.0,3,1360.063221
1.0,5,1360.068043
-1.0,1,1360.070324
-1.0,1,1360.072628
1.0,2,1360.07562
1.0,9,1409.047771
1.0,8,1409.054368
1.0,10,1409.062235
1.0,3,1409.066585
-1.0,1,1409.068816
1.0,6,1409.074197
1.0,5,1409.079219
1.0,4,1409.08359
-1.0,1,1409.08602
1.0,6,1409.091411
1.0,6,1409.09711
1.0,2,1409.099972
-1.0,5,1409.104636
1.0,1,1409.106888
-0.5,10,1409.114761
-0.5,10,1409.122263
1.0,7,1409.128269
1.0,2,1409.131102
1.0,8,1409.137625
1.0,6,1409.142985
1.0,4,1409.147089
1.0,5,1409.151775
1.0,9,1409.158919
1.0,4,1409.163069
1.0,2,1409.165987
1.0,6,1409.171349
1.0,1,1409.173579
1.0,4,1409.177765
-0.5,10,1409.185339
-1.0,3,1409.1888
1.0,1,1409.191071
-0.5,10,1409.198658
1.0,7,1409.204574
1.0,4,1409.208694
-1.0,1,1409.211005
1.0,3,1409.214454
1.0,3,1409.217915
1.0,4,1409.222026
1.0,5,1409.226792
1.0,6,1409.232054
1.0,1,1409.234303
1.0,5,1409.23905
-0.5,10,1409.246721
1.0,3,1409.250232
1.0,1,1409.252661
1.0,4,1409.257525
1.0,2,1409.260799
1.0,10,1409.269325
1.0,5,1409.274198
1.0,7,1409.280502
-0.5,10,1462.059895
1.0,1,1462.062335
1.0,5,1462.067238
1.0,2,1462.070165
1.0,3,1462.073758
1.0,2,1462.077065
1.0,2,1462.080019
1.0,7,1462.086064
1.0,3,1462.089641
1.0,7,1462.095878
-1.0,4,1462.10014
1.0,1,1462.102442
1.0,3,1462.106411
1.0,3,1462.109921
1.0,2,1462.112871
1.0,4,1462.117108
1.0,6,1462.12253
1.0,4,1462.126729
1.0,2,1462.129706
-1.0,4,1462.133921
1.0,3,1462.137488
1.0,8,1462.144213
1.0,6,1462.149612
1.0,6,1462.155108
1.0,2,1462.158128
1.0,4,1462.162352
-0.5,10,1462.170515
1.0,6,1462.176003
1.0,3,1462.179626
1.0,1,1462.181988
1.0,4,1462.186298
1.0,3,1462.189875
-1.0,1,1462.192236
-0.5,10,1462.200048
1.0,4,1462.20441
-0.5,10,1462.212124
-1.0,6,1462.218105
1.0,1,1462.220519
1.0,5,1462.225553
1.0,5,1462.230442
1.0,1,1462.232812
1.0,9,1462.240207
1.0,5,1462.24505
1.0,4,1462.249287
1.0,7,1462.255394
1.0,2,1462.258337
-1.0,1,1462.260746
-1.0,2,1462.263759
-1.0,6,1462.269513
1.0,1,1462.272032
1.0,9,1512.29283
1.0,1,1512.295261
1.0,2,1512.298605
-1.0,1,1512.301157
1.0,4,1512.305701
1.0,6,1512.311432
1.0,6,1512.31746
1.0,6,1512.323482
1.0,4,1512.328269
-1.0,1,1512.330724
1.0,3,1512.334682
1.0,5,1512.339812
-1.0,1,1512.342371
1.0,3,1512.346138
1.0,1,1512.348799
1.0,1,1512.351124
1.0,3,1512.355347
1.0,1,1512.357707
1.0,3,1512.361462
1.0,1,1512.3639
1.0,6,1512.369795
-0.5,10,1512.377885
1.0,1,1512.380494
1.0,1,1512.383481
1.0,9,1512.391448
1.0,1,1512.393898
1.0,4,1512.398758
1.0,4,1512.403408
1.0,4,1512.407779
1.0,3,1512.411672
1.0,5,1512.416843
1.0,2,1512.419814
1.0,3,1512.423559
1.0,7,1512.430035
1.0,6,1512.435789
1.0,3,1512.439719
1.0,5,1512.444947
-1.0,6,1512.451255
1.0,6,1512.456949
1.0,5,1512.463253
1.0,8,1512.471013
1.0,1,1512.473828
1.0,1,1512.476309
1.0,9,1512.485101
1.0,9,1512.498954
1.0,5,1512.509657
-1.0,1,1512.514373
1.0,10,1512.527944
1.0,7,1512.538839
-0.5,10,1512.550537
1.0,3,1565.302896
1.0,2,1565.307135
1.0,5,1565.312865
1.0,7,1565.320136
1.0,1,1565.322958
-1.0,2,1565.327373
1.0,6,1565.334243
1.0,1,1565.337523
1.0,9,1565.346478
1.0,4,1565.351558
-0.5,10,1565.361235
1.0,3,1565.365722
1.0,8,1565.375523
1.0,5,1565.381074
1.0,4,1565.386068
1.0,5,1565.391477
1.0,5,1565.396795
1.0,5,1565.402268
-1.0,1,1565.405394
1.0,2,1565.409562
1.0,3,1565.413819
1.0,1,1565.416757
1.0,2,1565.421172
-1.0,1,1565.424326
1.0,7,1565.431627
1.0,3,1565.436447
1.0,1,1565.439295
1.0,8,1565.446788
1.0,1,1565.449708
1.0,4,1565.454823
1.0,9,1565.463173
1.0,6,1565.470484
-0.5,10,1565.479197
1.0,10,1565.488893
1.0,2,1565.492894
1.0,9,1565.502038
1.0,7,1565.50878
1.0,1,1565.51142
-1.0,1,1565.514431
1.0,3,1565.519085
1.0,1,1565.522437
-0.5,10,1565.531183
1.0,8,1565.538752
1.0,6,1565.544905
-1.0,1,1565.547362
1.0,7,1565.554507
1.0,2,1565.558228
-0.5,10,1565.567374
-1.0,1,1565.57023
1.0,2,1565.573624
-1.0,1,1618.830226
1.0,1,1618.833328
1.0,7,1618.841076
1.0,5,1618.845759
1.0,2,1618.848637
1.0,4,1618.852684
-1.0,1,1618.855327
-1.0,8,1618.862179
-1.0,2,1618.865965
1.0,6,1618.871466
1.0,9,1618.878713
-1.0,1,1618.880959
1.0,6,1618.886508
1.0,4,1618.89061
1.0,1,1618.892891
-0.5,10,1618.90051
1.0,5,1618.905331
1.0,8,1618.912557
1.0,1,1618.914984
-1.0,3,1618.91859
1.0,3,1618.922149
1.0,1,1618.924429
1.0,5,1618.929223
1.0,6,1618.934596
1.0,4,1618.938741
-1.0,3,1618.942293
1.0,1,1618.944618
1.0,7,1618.950777
1.0,5,1618.955566
1.0,4,1618.959721
1.0,2,1618.962691
-1.0,1,1618.964983
1.0,1,1618.967313
1.0,3,1618.970884
1.0,4,1618.975101
-1.0,1,1618.977403
1.0,2,1618.98038
1.0,2,1618.983378
1.0,1,1618.985684
1.0,9,1618.993032
1.0,1,1618.995374
1.0,3,1618.998922
1.0,3,1619.002499
1.0,2,1619.005459
1.0,7,1619.011601
1.0,3,1619.015166
1.0,5,1619.019901
-0.5,10,1619.027505
1.0,5,1619.032276
1.0,2,1619.035186
1.0,5,1666.391542
1.0,5,1666.39763
-0.5,10,1666.405413
-1.0,5,1666.410182
-1.0,3,1666.413693
1.0,3,1666.41719
-1.0,4,1666.421254
1.0,6,1666.426578
1.0,5,1666.431351
1.0,9,1666.438519
-0.5,10,1666.44601
1.0,10,1666.453852
1.0,4,1666.45802
1.0,1,1666.460337
1.0,2,1666.463328
1.0,8,1666.470251
1.0,1,1666.472537
1.0,5,1666.477247
1.0,8,1666.483784
1.0,3,1666.487422
1.0,1,1666.489662
-1.0,5,1666.494364
-1.0,1,1666.496624
-1.0,4,1666.500749
1.0,7,1666.506683
1.0,8,1666.51324
1.0,1,1666.515472
1.0,8,1666.522137
1.0,2,1666.524991
1.0,1,1666.527245
1.0,6,1666.532625
1.0,4,1666.536743
1.0,2,1666.53992
-0.5,10,1666.547506
1.0,3,1666.551129
-0.5,10,1666.558827
1.0,3,1666.562305
-0.5,10,1666.569864
1.0,10,1666.577646
1.0,5,1666.582334
1.0,6,1666.587648
1.0,1,1666.589883
-1.0,4,1666.594014
1.0,1,1666.596263
1.0,9,1666.603552
1.0,2,1666.606444
1.0,1,1666.608687
1.0,7,1666.614681
1.0,3,1666.618163
1.0,6,1666.623476
1.0,3,1717.837155
1.0,3,1717.84095
1.0,6,1717.84678
1.0,5,1717.852018
-1.0,9,1717.859649
1.0,4,1717.863975
1.0,4,1717.868677
1.0,3,1717.872365
1.0,4,1717.876751
1.0,2,1717.87972
1.0,6,1717.885393
1.0,2,1717.888401
1.0,7,1717.894848
-1.0,3,1717.898539
1.0,5,1717.903826
1.0,8,1717.911541
1.0,1,1717.914034
1.0,6,1717.920151
-1.0,3,1717.923848
1.0,7,1717.930259
1.0,4,1717.934705
1.0,7,1717.941331
1.0,7,1717.947561
1.0,1,1717.950127
1.0,3,1717.953798
1.0,3,1717.957575
1.0,1,1717.959965
1.0,2,1717.963064
-0.5,10,1717.971064
1.0,4,1717.975348
1.0,2,1717.978329
1.0,2,1717.981985
1.0,2,1717.985063
1.0,4,1717.989511
1.0,4,1717.993938
1.0,5,1717.99901
1.0,7,1718.00545
1.0,2,1718.00864
1.0,1,1718.011462
-1.0,4,1718.01649
1.0,10,1718.025496
1.0,2,1718.028943
1.0,3,1718.033207
-0.5,10,1718.042149
1.0,5,1718.047423
1.0,1,1718.050114
1.0,8,1718.057277
1.0,5,1718.062245
-1.0,2,1718.065357
1.0,2,1718.06847
1.0,5,1771.615635
-0.5,10,1771.623698
-0.5,10,1771.631483
1.0,6,1771.637159
1.0,7,1771.643178
-1.0,1,1771.645484
1.0,9,1771.65267
1.0,1,1771.655127
1.0,5,1771.659873
1.0,2,1771.662737
1.0,7,1771.668663
1.0,3,1771.67218
1.0,3,1771.6757
-1.0,5,1771.680933
1.0,3,1771.68468
1.0,5,1771.689509
1.0,1,1771.691807
1.0,7,1771.697745
1.0,4,1771.701856
1.0,3,1771.70549
1.0,6,1771.710838
1.0,6,1771.716143
1.0,4,1771.720447
1.0,1,1771.722716
1.0,5,1771.727527
1.0,7,1771.733506
1.0,7,1771.739527
1.0,4,1771.743637
-0.5,10,1771.751221
1.0,4,1771.755344
1.0,4,1771.759442
-1.0,5,1771.764169
1.0,5,1771.768929
1.0,6,1771.774262
1.0,8,1771.780897
-0.5,10,1771.788476
1.0,1,1771.791039
1.0,4,1771.795205
-0.5,10,1771.802783
1.0,5,1771.807541
1.0,8,1771.81405
1.0,1,1771.816303
-1.0,5,1771.821068
1.0,3,1771.824587
1.0,1,1771.826867
1.0,7,1771.832834
-1.0,6,1771.838253
-0.5,10,1771.84578
1.0,7,1771.851734
1.0,4,1771.855775
-1.0,1,1819.406702
1.0,3,1819.410832
1.0,2,1819.41369
1.0,1,1819.415998
1.0,4,1819.420185
-1.0,2,1819.423096
-0.5,10,1819.430954
1.0,1,1819.4333
1.0,6,1819.438738
1.0,3,1819.442494
1.0,5,1819.447321
1.0,3,1819.450982
1.0,3,1819.454611
1.0,4,1819.459079
1.0,5,1819.463904
1.0,4,1819.46816
1.0,5,1819.473012
1.0,1,1819.475598
1.0,5,1819.48059
-1.0,1,1819.483004
1.0,5,1819.488284
1.0,2,1819.491306
1.0,6,1819.49686
1.0,4,1819.501166
1.0,6,1819.506702
1.0,3,1819.510429
1.0,2,1819.513398
1.0,3,1819.517088
-0.5,10,1819.525165
-1.0,2,1819.528265
1.0,2,1819.531259
1.0,4,1819.53556
1.0,2,1819.538617
1.0,1,1819.541033
1.0,6,1819.546565
-1.0,4,1819.550921
-1.0,2,1819.553909
1.0,3,1819.557821
1.0,6,1819.563521
1.0,5,1819.568442
-0.5,10,1819.576774
1.0,1,1819.579214
1.0,9,1819.586665
1.0,4,1819.591117
1.0,3,1819.594815
1.0,6,1819.600478
1.0,1,1819.602817
1.0,4,1819.60714
1.0,3,1819.611238
-1.0,1,1819.613623
1.0,3,1867.723443
-1.0,2,1867.72652
-0.5,10,1867.734267
1.0,1,1867.736559
1.0,5,1867.741226
1.0,6,1867.74665
1.0,1,1867.748859
-1.0,1,1867.751097
1.0,2,1867.753947
1.0,9,1867.761228
1.0,6,1867.76684
1.0,7,1867.772667
-1.0,1,1867.775063
1.0,6,1867.780398
1.0,1,1867.782627
1.0,6,1867.787996
1.0,1,1867.790321
-1.0,1,1867.792518
1.0,1,1867.794775
1.0,3,1867.798399
1.0,1,1867.800656
1.0,9,1867.8081
1.0,3,1867.811526
1.0,8,1867.818007
1.0,1,1867.82033
1.0,2,1867.823177
1.0,5,1867.827839
1.0,2,1867.83065
1.0,4,1867.834714
1.0,1,1867.837065
1.0,9,1867.844105
1.0,4,1867.848181
1.0,1,1867.850389
1.0,2,1867.853217
-1.0,1,1867.855431
1.0,10,1867.863311
1.0,6,1867.868612
1.0,2,1867.871454
1.0,1,1867.873678
1.0,2,1867.876528
1.0,7,1867.882424
1.0,3,1867.886137
1.0,1,1867.889594
1.0,1,1867.892922
1.0,5,1867.897805
-1.0,6,1867.903512
1.0,3,1867.907276
1.0,1,1867.909511
1.0,4,1867.9137
1.0,6,1867.918957
1.0,3,1920.545294
1.0,2,1920.550151
1.0,5,1920.557653
1.0,8,1920.56724
-0.5,10,1920.578684
1.0,1,1920.630371
1.0,1,1920.634579
1.0,6,1920.65545
1.0,4,1920.673973
-1.0,1,1920.682174
-1.0,3,1920.694082
-1.0,1,1920.701549
1.0,4,1920.715668
-1.0,1,1920.722929
1.0,1,1920.728344
-1.0,1,1920.736176
-1.0,4,1920.748195
1.0,10,1920.763182
1.0,4,1920.771032
1.0,1,1920.77557
1.0,3,1920.782992
-0.5,10,1920.798778
1.0,4,1920.806849
1.0,6,1920.816816
1.0,2,1920.822991
1.0,2,1920.829342
-1.0,6,1920.840313
1.0,4,1920.850018
1.0,3,1920.857287
1.0,4,1920.865863
1.0,1,1920.870519
-1.0,1,1920.875174
1.0,4,1920.882804
-0.5,10,1920.895208
1.0,5,1920.902779
-1.0,3,1920.908627
-1.0,2,1920.913403
1.0,3,1920.919131
1.0,2,1920.923892
-0.5,10,1920.937494
1.0,5,1920.944424
1.0,1,1920.948408
1.0,8,1920.959165
1.0,4,1920.965926
1.0,1,1920.970567
1.0,7,1920.979921
1.0,4,1920.986449
1.0,2,1920.990885
1.0,2,1920.995783
1.0,2,1921.000584
-1.0,2,1978.719933
1.0,8,1978.726678
-0.5,10,1978.734424
1.0,1,1978.736704
1.0,4,1978.740788
1.0,4,1978.744932
1.0,4,1978.749192
1.0,8,1978.75574
-0.5,10,1978.763373
1.0,8,1978.770049
1.0,1,1978.772346
1.0,6,1978.777854
1.0,5,1978.782855
1.0,4,1978.787075
1.0,3,1978.790649
1.0,2,1978.793585
1.0,1,1978.795891
1.0,1,1978.798341
-0.5,10,1978.806192
1.0,3,1978.809834
-1.0,3,1978.813455
-1.0,1,1978.815884
1.0,5,1978.820719
-1.0,2,1978.823648
-0.5,10,1978.83175
1.0,10,1978.839637
1.0,4,1978.843822
1.0,8,1978.850656
-1.0,8,1978.857329
1.0,2,1978.860317
1.0,4,1978.864605
1.0,4,1978.868791
1.0,4,1978.873019
1.0,2,1978.875998
1.0,1,1978.878289
1.0,2,1978.881349
1.0,3,1978.884972
1.0,4,1978.889277
1.0,5,1978.894361
1.0,7,1978.900693
1.0,5,1978.905595
1.0,2,1978.908514
1.0,7,1978.915954
1.0,10,1978.924543
1.0,5,1978.930072
1.0,10,1978.938267
1.0,4,1978.942649
1.0,5,1978.948078
-0.5,10,1978.956594
1.0,4,1978.960866
1.0,4,2031.424774
1.0,6,2031.430875
1.0,8,2031.437963
1.0,4,2031.442571
1.0,8,2031.44958
-0.5,10,2031.458041
1.0,2,2031.461189
-0.5,10,2031.469833
1.0,4,2031.474731
1.0,3,2031.47898
1.0,1,2031.481729
1.0,7,2031.488727
1.0,5,2031.494136
1.0,7,2031.500611
1.0,7,2031.507473
-1.0,3,2031.511686
1.0,8,2031.518767
1.0,5,2031.524073
-1.0,3,2031.527975
-1.0,2,2031.531474
-1.0,7,2031.538669
1.0,1,2031.541453
-1.0,3,2031.545727
1.0,7,2031.552328
1.0,1,2031.555124
1.0,1,2031.55781
1.0,9,2031.565994
1.0,7,2031.572807
1.0,2,2031.576186
1.0,2,2031.579592
-1.0,1,2031.582169
1.0,2,2031.585419
1.0,3,2031.589797
1.0,2,2031.593195
1.0,3,2031.597292
1.0,5,2031.602792
1.0,1,2031.605851
1.0,2,2031.610359
1.0,1,2031.613926
-0.5,10,2031.623673
1.0,2,2031.626933
1.0,6,2031.633461
1.0,9,2031.641957
1.0,1,2031.64457
1.0,8,2031.651853
1.0,2,2031.655631
1.0,2,2031.658931
1.0,2,2031.662071
1.0,3,2031.666213
1.0,10,2031.675127
1.0,5,2084.561056
-0.5,10,2084.569976
-0.5,10,2084.585807
1.0,1,2084.591033
-0.5,10,2084.606929
1.0,7,2084.619204
1.0,8,2084.630327
1.0,5,2084.639095
1.0,1,2084.643623
1.0,8,2084.652928
1.0,3,2084.657025
1.0,9,2084.664896
1.0,1,2084.667395
1.0,2,2084.670673
1.0,9,2084.67845
1.0,1,2084.680828
1.0,4,2084.685097
1.0,1,2084.687586
1.0,1,2084.690069
-0.5,10,2084.697978
1.0,2,2084.701202
-1.0,3,2084.705099
1.0,6,2084.710599
1.0,3,2084.71453
1.0,4,2084.718868
1.0,10,2084.727022
1.0,4,2084.731464
-1.0,6,2084.73694
1.0,2,2084.740322
1.0,2,2084.743555
1.0,9,2084.75094
1.0,2,2084.754248
1.0,5,2084.759402
1.0,7,2084.76556
1.0,3,2084.769515
1.0,7,2084.77575
1.0,2,2084.778827
1.0,3,2084.782748
1.0,4,2084.787144
-1.0,4,2084.791837
1.0,10,2084.799898
1.0,2,2084.803149
1.0,3,2084.807152
1.0,2,2084.810155
1.0,5,2084.815073
1.0,2,2084.818281
1.0,8,2084.825222
1.0,9,2084.832981
1.0,1,2084.83542
1.0,5,2084.840892
-0.5,10,2141.803487
1.0,2,2141.806958
1.0,8,2141.814529
-0.5,10,2141.822572
-1.0,1,2141.82495
1.0,3,2141.828823
1.0,9,2141.836488
-1.0,1,2141.839036
1.0,9,2141.846814
1.0,2,2141.850164
1.0,1,2141.85291
1.0,3,2141.857028
1.0,9,2141.864502
1.0,2,2141.867783
1.0,1,2141.870352
1.0,3,2141.874069
-0.5,10,2141.882128
1.0,3,2141.886081
1.0,7,2141.892596
1.0,2,2141.895739
-0.5,10,2141.90399
1.0,4,2141.908308
1.0,1,2141.911465
1.0,1,2141.913912
1.0,3,2141.918095
1.0,5,2141.923624
-1.0,1,2141.926177
1.0,7,2141.932536
1.0,3,2141.936528
-1.0,5,2141.941904
1.0,10,2141.950583
1.0,7,2141.957947
1.0,3,2141.962617
1.0,7,2141.971276
-1.0,3,2141.976036
1.0,9,2141.987973
1.0,7,2141.998192
1.0,6,2142.004435
1.0,2,2142.00805
-1.0,2,2142.011551
1.0,5,2142.016731
1.0,2,2142.020579
1.0,10,2142.028928
1.0,9,2142.037318
1.0,7,2142.044585
1.0,3,2142.048851
1.0,4,2142.053475
1.0,4,2142.058338
1.0,9,2142.066622
1.0,9,2142.075201
1.0,4,2196.019868
1.0,1,2196.023246
1.0,8,2196.031639
1.0,4,2196.03689
1.0,2,2196.040396
-0.5,10,2196.049707
-1.0,1,2196.052772
1.0,1,2196.056014
1.0,1,2196.059042
1.0,6,2196.065602
-1.0,5,2196.071507
1.0,2,2196.075099
1.0,6,2196.081515
1.0,8,2196.09027
1.0,1,2196.093071
-0.5,10,2196.102363
1.0,5,2196.108942
-0.5,10,2196.11837
-1.0,2,2196.121901
1.0,8,2196.130399
1.0,4,2196.13658
-1.0,1,2196.140048
-1.0,4,2196.145699
1.0,2,2196.14982
-1.0,3,2196.154416
1.0,1,2196.157805
1.0,7,2196.165488
1.0,3,2196.170826
1.0,2,2196.174926
1.0,1,2196.178002
1.0,9,2196.187011
1.0,4,2196.191859
1.0,5,2196.197928
-0.5,10,2196.207341
1.0,3,2196.211874
-1.0,1,2196.214712
1.0,6,2196.222005
1.0,9,2196.230402
1.0,5,2196.236921
1.0,1,2196.239746
1.0,1,2196.242835
1.0,7,2196.250299
1.0,4,2196.25545
1.0,5,2196.261574
1.0,9,2196.2707
1.0,7,2196.278399
-1.0,1,2196.281514
-1.0,9,2196.290802
1.0,4,2196.296016
1.0,7,2196.304141
-1.0,6,2212.759713
1.0,8,2212.766991
1.0,5,2212.772416
1.0,6,2212.778493
1.0,7,2212.785158
1.0,7,2212.791805
1.0,7,2212.798177
-1.0,6,2212.8043
-0.5,10,2212.812472
1.0,6,2212.818474
1.0,3,2212.822253
1.0,2,2212.825574
1.0,7,2212.831963
1.0,9,2212.839967
-1.0,3,2212.843868
1.0,3,2212.847682
1.0,10,2212.856297
1.0,4,2212.860956
1.0,3,2212.865074
-1.0,4,2212.869845
1.0,4,2212.874376
1.0,7,2212.881406
-1.0,3,2212.885612
-1.0,3,2212.889583
1.0,6,2212.895641
1.0,3,2212.899786
-1.0,2,2212.90305
1.0,7,2212.909581
1.0,6,2212.915658
1.0,8,2212.922708
1.0,5,2212.927989
-1.0,9,2212.93572
1.0,1,2212.938212
1.0,4,2212.942726
-1.0,6,2212.948201
1.0,2,2212.951182
-1.0,1,2212.953489
-0.5,10,2212.961146
-1.0,6,2212.966501
-0.5,10,2212.974096
-0.5,10,2212.98146
1.0,6,2212.986862
1.0,9,2212.994004
1.0,1,2212.996307
1.0,5,2213.001131
1.0,2,2213.003967
1.0,8,2213.010504
1.0,2,2213.013356
1.0,3,2213.017089
1.0,5,2213.021728
-1.0,1,2213.024146
1.0,1,2213.026481
1.0,4,2213.030468
1.0,3,2213.034144
1.0,4,2213.038212
-0.5,10,2213.045757
1.0,1,2213.04819
1.0,5,2213.052952
1.0,7,2213.058927
1.0,5,2213.063634
1.0,6,2213.069142
-0.5,10,2213.076701
1.0,1,2213.07903
1.0,1,2213.081305
1.0,1,2213.083665
1.0,4,2213.087771
-0.5,10,2213.095186
1.0,9,2213.102199
1.0,3,2213.105819
1.0,7,2213.111887
1.0,2,2213.114966
1.0,7,2213.120946
-1.0,1,2213.123364
1.0,5,2213.12815
1.0,9,2213.136238
1.0,1,2213.138811
1.0,1,2213.141701
-1.0,4,2213.146119
1.0,9,2213.154118
1.0,4,2213.158932
1.0,4,2213.163299
1.0,5,2213.168975
1.0,4,2213.173898
1.0,6,2213.179985
1.0,3,2213.185084
1.0,8,2213.192951
1.0,3,2213.197664
1.0,9,2213.206999
1.0,4,2213.213099
1.0,6,2213.220449
-1.0,6,2213.227493
1.0,4,2213.233304
-0.5,10,2213.242009
1.0,5,2213.247375
1.0,3,2213.252699
-1.0,1,2213.25525
1.0,5,2213.261841
-0.5,10,2213.270876
1.0,5,2213.276721
-1.0,4,2213.281697
