#{"t_start": 1746033482.810015, "env_id": "None"}
r,l,t
1.0,10,23.531719
-10.0,10,23.540439
10.0,10,23.549078
10.0,10,23.557696
10.0,10,23.566998
10.0,10,23.575949
2.0,10,23.584544
-8.0,10,23.593094
10.0,10,23.601675
-10.0,10,23.61024
5.0,10,23.618792
10.0,10,23.627394
10.0,10,23.635822
5.0,10,23.644576
7.0,10,23.65311
10.0,10,23.661643
-5.5,10,23.670123
10.0,10,23.67871
-10.0,10,23.687173
10.0,10,23.695786
-10.0,10,23.704293
-20.0,10,23.712822
-8.5,10,23.721382
5.0,10,23.729903
10.0,10,23.738438
-5.5,10,23.74693
10.0,10,23.755397
10.0,10,23.763819
-5.0,10,23.772362
-10.0,10,23.780804
-2.5,10,23.789464
-5.0,10,23.797934
10.0,10,23.806404
10.0,10,23.814878
5.0,10,23.823348
4.0,10,23.831844
-10.0,10,23.840306
5.0,10,23.848807
-2.0,10,23.8573
-10.0,10,23.865764
10.0,10,23.874313
5.0,10,23.88277
-1.0,10,23.891219
10.0,10,23.899734
5.0,10,23.908243
5.0,10,23.916728
-10.0,10,23.925265
-4.0,10,23.933713
10.0,10,23.942237
-10.0,10,23.950673
10.0,10,45.786457
10.0,10,45.795109
10.0,10,45.80358
-1.0,10,45.812089
-10.0,10,45.820561
-10.0,10,45.828993
10.0,10,45.837386
10.0,10,45.845809
5.0,10,45.854246
5.0,10,45.862704
10.0,10,45.871119
10.0,10,45.879555
-2.5,10,45.887978
10.0,10,45.896456
3.5,10,45.905552
10.0,10,45.914095
-8.5,10,45.922689
10.0,10,45.931105
3.5,10,45.939517
10.0,10,45.947953
5.0,10,45.956443
5.0,10,45.965185
-11.0,10,45.973617
5.0,10,45.982067
5.0,10,45.990458
-4.0,10,45.998855
4.0,10,46.007334
-5.5,10,46.015761
5.0,10,46.024174
5.0,10,46.032567
10.0,10,46.040963
5.0,10,46.04941
7.0,10,46.057831
-10.0,10,46.066256
10.0,10,46.074889
4.0,10,46.083423
10.0,10,46.091856
10.0,10,46.100305
5.0,10,46.108687
5.0,10,46.117037
5.0,10,46.125414
3.5,10,46.133771
10.0,10,46.142172
10.0,10,46.150594
2.0,10,46.159091
5.0,10,46.167533
-5.0,10,46.175909
5.0,10,46.184292
5.0,10,46.192695
-5.0,10,46.201207
3.5,10,68.431241
10.0,10,68.43991
5.0,10,68.44844
1.0,10,68.457051
4.0,10,68.465539
10.0,10,68.474056
10.0,10,68.482522
-2.0,10,68.491023
10.0,10,68.500093
3.5,10,68.508597
10.0,10,68.517091
-1.0,10,68.52565
10.0,10,68.534154
3.5,10,68.543085
-5.5,10,68.551901
1.0,10,68.560943
10.0,10,68.569943
10.0,10,68.578919
5.0,10,68.587722
-2.0,10,68.596624
3.5,10,68.605433
10.0,10,68.61429
10.0,10,68.623155
5.0,10,68.632093
-20.0,10,68.640925
-2.5,10,68.649813
5.0,10,68.658674
10.0,10,68.667533
5.0,10,68.676431
5.0,10,68.685434
-10.0,10,68.694263
5.0,10,68.70317
10.0,10,68.712017
1.0,10,68.720922
-8.0,10,68.729737
10.0,10,68.738959
10.0,10,68.747848
-10.0,10,68.756659
10.0,10,68.765645
-10.0,10,68.774955
5.0,10,68.783771
-2.0,10,68.792642
-7.0,10,68.801585
10.0,10,68.810422
5.0,10,68.819398
10.0,10,68.828224
-17.0,10,68.837125
2.0,10,68.845888
5.0,10,68.854815
10.0,10,68.86405
10.0,10,90.593022
10.0,10,90.601429
10.0,10,90.610069
10.0,10,90.618443
5.0,10,90.626793
4.0,10,90.635143
-10.0,10,90.643456
10.0,10,90.651845
1.0,10,90.660257
10.0,10,90.668791
5.0,10,90.677175
10.0,10,90.685634
-1.0,10,90.694136
10.0,10,90.702614
-4.0,10,90.711198
10.0,10,90.719698
-10.0,10,90.728173
-10.0,10,90.736699
5.0,10,90.745186
5.0,10,90.753703
3.5,10,90.762558
5.0,10,90.772045
-2.0,10,90.780912
10.0,10,90.79035
5.0,10,90.798959
10.0,10,90.808063
10.0,10,90.816725
5.0,10,90.82605
10.0,10,90.834722
-10.0,10,90.844172
7.0,10,90.852988
-20.0,10,90.862088
5.0,10,90.871074
10.0,10,90.87973
-8.0,10,90.888987
10.0,10,90.897621
-2.0,10,90.906574
10.0,10,90.915061
10.0,10,90.924124
4.0,10,90.932678
5.0,10,90.941742
10.0,10,90.950252
5.0,10,90.959512
10.0,10,90.968665
5.0,10,90.977623
10.0,10,90.986158
10.0,10,90.994749
5.0,10,91.003345
5.0,10,91.0123
10.0,10,91.021424
-10.0,10,114.42617
0.5,10,114.435089
5.0,10,114.444249
10.0,10,114.453356
10.0,10,114.462479
-5.0,10,114.471765
10.0,10,114.480764
-8.0,10,114.48978
10.0,10,114.498876
5.0,10,114.511071
5.0,10,114.520315
10.0,10,114.529348
10.0,10,114.538212
10.0,10,114.546925
10.0,10,114.555645
10.0,10,114.564193
-2.5,10,114.572987
5.0,10,114.581523
5.0,10,114.590073
10.0,10,114.598597
10.0,10,114.60719
2.0,10,114.615718
10.0,10,114.624263
5.0,10,114.632702
10.0,10,114.641266
5.0,10,114.649837
-4.0,10,114.658467
10.0,10,114.667053
2.0,10,114.675695
10.0,10,114.684325
10.0,10,114.692952
10.0,10,114.70148
10.0,10,114.709964
10.0,10,114.718415
10.0,10,114.72693
-5.0,10,114.735336
3.5,10,114.743898
5.0,10,114.752328
10.0,10,114.760803
10.0,10,114.769322
5.0,10,114.777888
10.0,10,114.786476
5.0,10,114.79493
5.0,10,114.80344
1.0,10,114.812011
5.0,10,114.820905
5.0,10,114.829453
-8.5,10,114.840218
-5.5,10,114.84881
10.0,10,114.857673
10.0,10,137.274932
10.0,10,137.283785
10.0,10,137.293113
-1.0,10,137.301885
10.0,10,137.311139
-5.0,10,137.320025
10.0,10,137.32876
-7.0,10,137.337691
10.0,10,137.346202
3.5,10,137.355014
10.0,10,137.363666
10.0,10,137.372733
5.0,10,137.381211
0.5,10,137.390128
5.0,10,137.398706
5.0,10,137.407642
10.0,10,137.416501
10.0,10,137.425879
10.0,10,137.434446
3.5,10,137.443699
10.0,10,137.452492
5.0,10,137.46145
10.0,10,137.470216
-10.0,10,137.478694
10.0,10,137.487537
10.0,10,137.495909
3.5,10,137.504792
-8.0,10,137.513302
10.0,10,137.521964
5.0,10,137.530394
10.0,10,137.538797
-10.0,10,137.54721
7.0,10,137.555724
5.0,10,137.564079
2.0,10,137.57256
10.0,10,137.580991
5.0,10,137.589385
10.0,10,137.597835
10.0,10,137.606244
3.5,10,137.614676
1.0,10,137.62309
5.0,10,137.631668
-2.0,10,137.640239
-2.0,10,137.649062
5.0,10,137.657538
7.0,10,137.66592
5.0,10,137.674253
5.0,10,137.682678
-4.0,10,137.691082
10.0,10,137.699356
5.0,10,160.043291
10.0,10,160.051942
10.0,10,160.060406
5.0,10,160.068841
5.0,10,160.077421
-4.0,10,160.086127
-5.0,10,160.094716
10.0,10,160.103402
10.0,10,160.111941
-5.5,10,160.120517
7.0,10,160.129039
5.0,10,160.137654
10.0,10,160.146231
5.0,10,160.15478
10.0,10,160.163392
10.0,10,160.172259
7.0,10,160.180791
10.0,10,160.18938
5.0,10,160.197837
5.0,10,160.206437
10.0,10,160.215089
5.0,10,160.225202
10.0,10,160.237339
-1.0,10,160.246265
0.5,10,160.254944
3.5,10,160.263589
-2.5,10,160.272284
5.0,10,160.280868
5.0,10,160.289362
5.0,10,160.297849
-10.0,10,160.306415
10.0,10,160.314891
5.0,10,160.323539
-10.0,10,160.33208
-8.0,10,160.3407
5.0,10,160.349307
-2.0,10,160.357764
5.0,10,160.36623
10.0,10,160.374807
10.0,10,160.383617
10.0,10,160.392132
10.0,10,160.400688
10.0,10,160.409266
10.0,10,160.418001
-8.0,10,160.426561
-4.0,10,160.435138
-5.5,10,160.4436
10.0,10,160.452109
10.0,10,160.460682
10.0,10,160.469207
3.5,10,183.110653
5.0,10,183.119748
10.0,10,183.128865
10.0,10,183.137823
10.0,10,183.146741
5.0,10,183.155611
10.0,10,183.16449
10.0,10,183.17328
10.0,10,183.182122
10.0,10,183.190901
2.0,10,183.199699
10.0,10,183.208517
2.0,10,183.217273
-10.0,10,183.226424
10.0,10,183.235204
5.0,10,183.243988
-10.0,10,183.252766
5.0,10,183.261492
5.0,10,183.270225
-11.0,10,183.279107
10.0,10,183.287923
10.0,10,183.296812
10.0,10,183.305634
-8.0,10,183.314351
5.0,10,183.3232
5.0,10,183.332007
5.0,10,183.340844
10.0,10,183.34965
-10.0,10,183.358477
2.0,10,183.367224
10.0,10,183.375972
10.0,10,183.384763
5.0,10,183.393514
10.0,10,183.402219
4.0,10,183.411004
-8.0,10,183.419899
5.0,10,183.428695
10.0,10,183.437515
5.0,10,183.446331
10.0,10,183.455055
10.0,10,183.463817
10.0,10,183.472673
-8.0,10,183.481645
-10.0,10,183.490681
10.0,10,183.499883
-7.0,10,183.509124
5.0,10,183.518371
10.0,10,183.527301
10.0,10,183.536347
1.0,10,183.545516
10.0,10,205.865918
-10.0,10,205.874502
10.0,10,205.883038
1.0,10,205.891727
10.0,10,205.900523
-2.0,10,205.909319
10.0,10,205.918043
-8.0,10,205.92673
5.0,10,205.935445
10.0,10,205.944174
10.0,10,205.952947
10.0,10,205.961653
0.5,10,205.970766
5.0,10,205.979501
-10.0,10,205.988236
5.0,10,205.996973
5.0,10,206.005756
3.5,10,206.014497
-8.5,10,206.023181
10.0,10,206.031952
10.0,10,206.040623
-1.0,10,206.049544
3.5,10,206.058258
-10.0,10,206.066976
5.0,10,206.076055
5.0,10,206.084836
4.0,10,206.093457
5.0,10,206.102178
10.0,10,206.111068
5.0,10,206.119871
10.0,10,206.128553
5.0,10,206.137365
10.0,10,206.146093
10.0,10,206.154824
-8.5,10,206.163634
-10.0,10,206.172474
-1.0,10,206.18123
-2.5,10,206.189957
-8.0,10,206.198688
0.5,10,206.207414
-10.0,10,206.216226
-1.0,10,206.225707
10.0,10,206.234606
10.0,10,206.243356
10.0,10,206.252141
5.0,10,206.260774
10.0,10,206.269678
5.0,10,206.278483
1.0,10,206.287297
5.0,10,206.295971
-8.5,10,227.958528
10.0,10,227.967142
-1.0,10,227.97556
3.5,10,227.984076
10.0,10,227.992598
5.0,10,228.001198
10.0,10,228.009766
-5.0,10,228.018386
3.5,10,228.027038
3.5,10,228.035626
5.0,10,228.044107
5.0,10,228.052686
-5.5,10,228.061245
-2.0,10,228.069704
10.0,10,228.07841
5.0,10,228.086952
10.0,10,228.095434
10.0,10,228.103968
10.0,10,228.112613
3.5,10,228.121168
10.0,10,228.129732
10.0,10,228.13835
10.0,10,228.146872
10.0,10,228.155427
10.0,10,228.16391
7.0,10,228.172428
10.0,10,228.181076
0.5,10,228.189591
5.0,10,228.198087
-10.0,10,228.20663
10.0,10,228.215111
10.0,10,228.223709
-1.0,10,228.232283
5.0,10,228.240766
10.0,10,228.249613
5.0,10,228.258535
-11.0,10,228.267234
7.0,10,228.275825
7.0,10,228.284536
-7.0,10,228.293267
-17.0,10,228.301874
10.0,10,228.310379
10.0,10,228.318875
5.0,10,228.32739
10.0,10,228.33586
5.0,10,228.344403
-20.0,10,228.352914
10.0,10,228.36142
10.0,10,228.369864
3.5,10,228.378311
-14.0,10,250.529487
5.0,10,250.538083
10.0,10,250.546531
-7.0,10,250.554952
-17.0,10,250.563488
10.0,10,250.572211
10.0,10,250.58087
10.0,10,250.589269
10.0,10,250.597666
10.0,10,250.606126
-8.5,10,250.61445
10.0,10,250.622808
-5.5,10,250.6311
-10.0,10,250.639425
-10.0,10,250.647736
4.0,10,250.656031
3.5,10,250.664272
4.0,10,250.672645
3.5,10,250.680985
2.0,10,250.68927
-20.0,10,250.697652
7.0,10,250.705945
10.0,10,250.714251
2.0,10,250.722581
5.0,10,250.730879
10.0,10,250.7393
10.0,10,250.747689
10.0,10,250.755959
-10.0,10,250.764297
10.0,10,250.774509
3.5,10,250.783958
-10.0,10,250.793204
3.5,10,250.802399
-20.0,10,250.81128
4.0,10,250.821212
10.0,10,250.829953
10.0,10,250.838559
5.0,10,250.847141
-5.0,10,250.856404
10.0,10,250.866119
-10.0,10,250.875207
-7.0,10,250.884228
10.0,10,250.893246
10.0,10,250.903144
10.0,10,250.913427
10.0,10,250.923023
-10.0,10,250.931737
5.0,10,250.940194
5.0,10,250.948633
5.0,10,250.95714
10.0,10,272.478501
5.0,10,272.486936
-2.0,10,272.495313
-10.0,10,272.503777
5.0,10,272.512197
5.0,10,272.520587
4.0,10,272.529108
10.0,10,272.537448
3.5,10,272.545843
10.0,10,272.554209
10.0,10,272.562603
10.0,10,272.571254
10.0,10,272.579674
-10.0,10,272.58797
10.0,10,272.596301
4.0,10,272.604659
-2.0,10,272.613026
0.5,10,272.621334
10.0,10,272.629673
10.0,10,272.638147
10.0,10,272.646581
5.0,10,272.654921
-10.0,10,272.663283
-2.5,10,272.671712
-11.0,10,272.680098
10.0,10,272.688416
7.0,10,272.696792
-17.0,10,272.705108
-4.0,10,272.713483
5.0,10,272.721801
10.0,10,272.730134
5.0,10,272.738589
5.0,10,272.746994
10.0,10,272.755304
-1.0,10,272.763632
10.0,10,272.771945
5.0,10,272.780446
2.0,10,272.788987
5.0,10,272.797301
5.0,10,272.805581
5.0,10,272.813937
10.0,10,272.822392
10.0,10,272.830776
5.0,10,272.83907
10.0,10,272.847417
5.0,10,272.855724
5.0,10,272.864067
2.0,10,272.872358
10.0,10,272.880717
10.0,10,272.889007
10.0,10,294.509329
5.0,10,294.51781
5.0,10,294.526266
10.0,10,294.53474
2.0,10,294.543149
2.0,10,294.551616
5.0,10,294.560057
10.0,10,294.568874
10.0,10,294.577465
10.0,10,294.585947
5.0,10,294.5945
-1.0,10,294.602989
10.0,10,294.611427
-2.5,10,294.619922
10.0,10,294.628655
-2.0,10,294.637675
10.0,10,294.646136
3.5,10,294.654539
5.0,10,294.662915
3.5,10,294.671377
5.0,10,294.679842
-10.0,10,294.688239
5.0,10,294.696821
4.0,10,294.705329
10.0,10,294.713749
10.0,10,294.722152
0.5,10,294.730587
2.0,10,294.739057
10.0,10,294.747494
10.0,10,294.755885
5.0,10,294.764288
0.5,10,294.772692
3.5,10,294.781091
2.0,10,294.789447
5.0,10,294.797894
-5.0,10,294.806279
5.0,10,294.814677
10.0,10,294.823192
-2.0,10,294.831641
5.0,10,294.840065
5.0,10,294.848487
5.0,10,294.856896
10.0,10,294.865267
5.0,10,294.873664
-10.0,10,294.882021
5.0,10,294.890456
10.0,10,294.898888
-10.0,10,294.907408
4.0,10,294.91586
4.0,10,294.924286
10.0,10,316.850909
10.0,10,316.859822
5.0,10,316.868604
5.0,10,316.877359
-20.0,10,316.886147
-10.0,10,316.894817
5.0,10,316.903592
10.0,10,316.912371
3.5,10,316.92107
-2.0,10,316.929703
5.0,10,316.938428
5.0,10,316.947055
10.0,10,316.955751
10.0,10,316.964537
10.0,10,316.973185
5.0,10,316.981731
4.0,10,316.990338
5.0,10,316.999034
5.0,10,317.007831
10.0,10,317.01654
5.0,10,317.025067
10.0,10,317.033636
5.0,10,317.042296
5.0,10,317.050851
10.0,10,317.059408
2.0,10,317.068018
5.0,10,317.076833
5.0,10,317.085493
5.0,10,317.0941
2.0,10,317.102716
5.0,10,317.111293
10.0,10,317.119886
-8.0,10,317.128461
10.0,10,317.137049
5.0,10,317.14587
10.0,10,317.154531
5.0,10,317.163168
3.5,10,317.171685
10.0,10,317.180173
4.0,10,317.18868
10.0,10,317.197369
10.0,10,317.205948
10.0,10,317.214453
7.0,10,317.223022
5.0,10,317.231669
2.0,10,317.240368
5.0,10,317.249043
3.5,10,317.257614
5.0,10,317.266262
5.0,10,317.274905
4.0,10,338.914041
5.0,10,338.922883
7.0,10,338.931679
10.0,10,338.940449
5.0,10,338.949309
1.0,10,338.958066
-10.0,10,338.967167
10.0,10,338.975976
5.0,10,338.98479
10.0,10,338.993689
10.0,10,339.002789
5.0,10,339.011639
-2.5,10,339.020411
10.0,10,339.029112
5.0,10,339.037596
5.0,10,339.046018
10.0,10,339.054469
5.0,10,339.062924
10.0,10,339.071416
-1.0,10,339.080043
10.0,10,339.088459
10.0,10,339.096909
10.0,10,339.105297
1.0,10,339.113725
-10.0,10,339.122157
10.0,10,339.13056
1.0,10,339.138972
5.0,10,339.147358
5.0,10,339.155881
10.0,10,339.164282
3.5,10,339.172783
5.0,10,339.181268
5.0,10,339.189658
1.0,10,339.198066
5.0,10,339.206585
10.0,10,339.21498
10.0,10,339.223416
1.0,10,339.23182
-11.0,10,339.240279
-5.5,10,339.248667
-2.0,10,339.257029
5.0,10,339.265449
-5.0,10,339.273831
10.0,10,339.282238
-8.5,10,339.290632
10.0,10,339.299016
5.0,10,339.307386
5.0,10,339.315802
3.5,10,339.324262
5.0,10,339.332792
10.0,10,360.634014
5.0,10,360.642762
5.0,10,360.651752
-2.0,10,360.660744
-10.0,10,360.669823
-10.0,10,360.678898
10.0,10,360.687963
5.0,10,360.696886
5.0,10,360.70558
10.0,10,360.714226
10.0,10,360.722888
5.0,10,360.731546
10.0,10,360.740177
10.0,10,360.748911
0.5,10,360.757647
5.0,10,360.766371
0.5,10,360.775073
7.0,10,360.783728
5.0,10,360.792374
10.0,10,360.800968
5.0,10,360.809505
5.0,10,360.818106
3.5,10,360.826782
1.0,10,360.835448
10.0,10,360.844137
-7.0,10,360.852691
5.0,10,360.861315
10.0,10,360.86993
4.0,10,360.878638
1.0,10,360.887132
-10.0,10,360.895762
5.0,10,360.904473
-17.0,10,360.913185
-11.0,10,360.921724
-10.0,10,360.930311
5.0,10,360.939257
-2.5,10,360.948296
4.0,10,360.957003
-20.0,10,360.965922
10.0,10,360.974954
10.0,10,360.983984
10.0,10,360.993029
5.0,10,361.002219
7.0,10,361.011413
5.0,10,361.020347
10.0,10,361.029379
-4.0,10,361.0383
10.0,10,361.047453
7.0,10,361.056359
-20.0,10,361.06537
-10.0,10,382.765654
10.0,10,382.774124
5.0,10,382.782526
5.0,10,382.791083
10.0,10,382.799682
-4.0,10,382.808258
10.0,10,382.816791
10.0,10,382.825358
5.0,10,382.834001
5.0,10,382.842624
10.0,10,382.851241
5.0,10,382.859815
5.0,10,382.86835
2.0,10,382.876994
10.0,10,382.885616
5.0,10,382.894159
-10.0,10,382.902741
5.0,10,382.911393
5.0,10,382.919902
5.0,10,382.928522
5.0,10,382.937134
5.0,10,382.945682
-10.0,10,382.954337
-8.5,10,382.962923
5.0,10,382.971587
10.0,10,382.980194
5.0,10,382.988755
10.0,10,382.997449
10.0,10,383.005959
-8.5,10,383.014598
10.0,10,383.023242
5.0,10,383.031772
10.0,10,383.040345
5.0,10,383.048932
-5.5,10,383.057458
-10.0,10,383.066096
10.0,10,383.074737
10.0,10,383.083352
5.0,10,383.091966
5.0,10,383.100521
-7.0,10,383.109239
10.0,10,383.117856
5.0,10,383.126393
5.0,10,383.134928
5.0,10,383.143413
10.0,10,383.151953
10.0,10,383.160491
5.0,10,383.169013
5.0,10,383.177566
7.0,10,383.186119
-20.0,10,404.942674
5.0,10,404.951084
5.0,10,404.95941
0.5,10,404.968037
2.0,10,404.976389
10.0,10,404.984633
4.0,10,404.993004
10.0,10,405.001384
5.0,10,405.009764
-5.0,10,405.018117
-2.5,10,405.026541
10.0,10,405.034961
-10.0,10,405.043367
5.0,10,405.051777
5.0,10,405.060195
-17.0,10,405.06859
5.0,10,405.077382
-2.5,10,405.085741
3.5,10,405.094094
5.0,10,405.102457
10.0,10,405.11089
5.0,10,405.119189
-5.5,10,405.127549
10.0,10,405.135972
-4.0,10,405.144265
-10.0,10,405.152664
5.0,10,405.161038
3.5,10,405.169368
5.0,10,405.177783
4.0,10,405.18617
5.0,10,405.194588
-5.5,10,405.203085
10.0,10,405.21143
-17.0,10,405.219787
-7.0,10,405.22819
7.0,10,405.23654
-8.0,10,405.245051
5.0,10,405.253495
3.5,10,405.261879
-10.0,10,405.270254
5.0,10,405.278522
-2.0,10,405.287267
-10.0,10,405.295733
-10.0,10,405.304079
4.0,10,405.312449
-5.5,10,405.320794
10.0,10,405.329201
10.0,10,405.337537
3.5,10,405.345957
10.0,10,405.354482
10.0,10,427.433474
5.0,10,427.442011
10.0,10,427.450908
5.0,10,427.459593
-10.0,10,427.468376
4.0,10,427.477082
10.0,10,427.48586
-8.5,10,427.495467
-10.0,10,427.504261
5.0,10,427.513036
10.0,10,427.521786
4.0,10,427.530388
10.0,10,427.539099
10.0,10,427.547843
10.0,10,427.556464
5.0,10,427.565087
10.0,10,427.57416
-1.0,10,427.582871
1.0,10,427.591522
10.0,10,427.600321
10.0,10,427.608985
5.0,10,427.617682
-1.0,10,427.626744
-4.0,10,427.635631
10.0,10,427.644484
3.5,10,427.653089
10.0,10,427.66173
-2.0,10,427.670295
10.0,10,427.679064
5.0,10,427.687616
10.0,10,427.696334
5.0,10,427.704892
10.0,10,427.713463
10.0,10,427.722062
5.0,10,427.730588
10.0,10,427.739257
5.0,10,427.747831
10.0,10,427.756368
5.0,10,427.764835
10.0,10,427.773467
5.0,10,427.78219
-1.0,10,427.790926
3.5,10,427.800087
10.0,10,427.808703
10.0,10,427.817345
10.0,10,427.825964
5.0,10,427.83462
10.0,10,427.843313
5.0,10,427.851871
-7.0,10,427.860443
-8.5,10,453.205523
3.5,10,453.21397
-10.0,10,453.222508
-7.0,10,453.231016
5.0,10,453.239465
-2.0,10,453.247911
5.0,10,453.256342
5.0,10,453.264713
5.0,10,453.273043
5.0,10,453.281418
10.0,10,453.289821
10.0,10,453.29829
5.0,10,453.30665
-17.0,10,453.315107
-10.0,10,453.323492
10.0,10,453.331908
10.0,10,453.340317
10.0,10,453.348702
10.0,10,453.357138
1.0,10,453.365531
5.0,10,453.373947
10.0,10,453.382307
5.0,10,453.390775
10.0,10,453.399271
-2.0,10,453.407995
1.0,10,453.416948
10.0,10,453.426244
-4.0,10,453.434891
0.5,10,453.444069
10.0,10,453.452548
-17.0,10,453.461403
7.0,10,453.469895
10.0,10,453.479102
-10.0,10,453.487559
2.0,10,453.497171
10.0,10,453.505719
10.0,10,453.515114
5.0,10,453.524123
10.0,10,453.533461
7.0,10,453.542669
5.0,10,453.551134
10.0,10,453.560559
5.0,10,453.569307
3.5,10,453.57882
5.0,10,453.587443
10.0,10,453.596932
10.0,10,453.605567
10.0,10,453.61522
7.0,10,453.624109
5.0,10,453.633014
5.0,10,476.13873
-20.0,10,476.147185
1.0,10,476.155634
-10.0,10,476.1641
10.0,10,476.172612
5.0,10,476.181144
-8.5,10,476.189836
10.0,10,476.198443
5.0,10,476.207161
-1.0,10,476.215944
-5.0,10,476.224631
10.0,10,476.233146
5.0,10,476.241945
10.0,10,476.250724
-10.0,10,476.259457
3.5,10,476.268026
-10.0,10,476.276649
-7.0,10,476.285176
5.0,10,476.29384
-5.0,10,476.30247
10.0,10,476.311119
-2.5,10,476.319607
-2.0,10,476.328292
-11.0,10,476.336898
3.5,10,476.345582
-11.0,10,476.354186
3.5,10,476.362865
5.0,10,476.371596
10.0,10,476.380227
3.5,10,476.388865
10.0,10,476.397511
-4.0,10,476.406197
5.0,10,476.415124
7.0,10,476.423856
5.0,10,476.432502
10.0,10,476.441092
1.0,10,476.449713
5.0,10,476.458413
10.0,10,476.466994
5.0,10,476.475687
-20.0,10,476.48429
5.0,10,476.492911
5.0,10,476.501586
3.5,10,476.510256
-5.5,10,476.518836
10.0,10,476.527484
10.0,10,476.536094
10.0,10,476.54478
5.0,10,476.553364
10.0,10,476.562196
10.0,10,499.014365
5.0,10,499.02297
5.0,10,499.031793
5.0,10,499.040562
5.0,10,499.049324
3.5,10,499.058131
5.0,10,499.067095
10.0,10,499.076207
0.5,10,499.084916
5.0,10,499.093671
5.0,10,499.102439
4.0,10,499.11099
-2.5,10,499.119702
-20.0,10,499.128485
10.0,10,499.137157
-7.0,10,499.145841
1.0,10,499.154505
10.0,10,499.163211
5.0,10,499.17183
10.0,10,499.180596
-7.0,10,499.189237
10.0,10,499.198155
0.5,10,499.206783
0.5,10,499.215494
2.0,10,499.224296
10.0,10,499.233042
5.0,10,499.241699
5.0,10,499.250329
4.0,10,499.258946
5.0,10,499.267587
5.0,10,499.276239
5.0,10,499.2849
10.0,10,499.293569
5.0,10,499.302587
10.0,10,499.311279
5.0,10,499.319941
5.0,10,499.328575
5.0,10,499.337172
10.0,10,499.34576
5.0,10,499.354408
10.0,10,499.362966
-10.0,10,499.371581
5.0,10,499.380112
5.0,10,499.388794
3.5,10,499.397534
10.0,10,499.406134
5.0,10,499.415091
10.0,10,499.423751
10.0,10,499.43235
5.0,10,499.440866
-20.0,10,521.342358
10.0,10,521.35085
10.0,10,521.359318
10.0,10,521.367883
4.0,10,521.376484
5.0,10,521.385094
5.0,10,521.393687
3.5,10,521.40238
-11.0,10,521.410997
10.0,10,521.419936
10.0,10,521.428638
-20.0,10,521.437262
-8.0,10,521.445862
10.0,10,521.454514
5.0,10,521.463119
10.0,10,521.471727
7.0,10,521.480302
5.0,10,521.488833
5.0,10,521.497329
5.0,10,521.50594
5.0,10,521.514557
-2.5,10,521.523231
5.0,10,521.531784
10.0,10,521.540368
-5.0,10,521.54887
5.0,10,521.557431
5.0,10,521.566138
5.0,10,521.574989
10.0,10,521.583483
-2.0,10,521.591956
-10.0,10,521.600585
1.0,10,521.609033
10.0,10,521.61761
-5.0,10,521.626168
10.0,10,521.634883
-2.0,10,521.643475
5.0,10,521.652019
5.0,10,521.660525
3.5,10,521.669106
5.0,10,521.677741
10.0,10,521.686359
10.0,10,521.694905
10.0,10,521.703507
10.0,10,521.712089
10.0,10,521.720683
10.0,10,521.729306
-8.5,10,521.737942
10.0,10,521.746569
5.0,10,521.755095
10.0,10,521.763761
5.0,10,544.010327
10.0,10,544.019323
0.5,10,544.027747
10.0,10,544.036477
10.0,10,544.045068
5.0,10,544.053845
-5.0,10,544.062654
5.0,10,544.071438
-10.0,10,544.080715
-2.5,10,544.089628
1.0,10,544.098308
10.0,10,544.10695
5.0,10,544.115574
5.0,10,544.124244
10.0,10,544.13311
3.5,10,544.14388
10.0,10,544.157294
-10.0,10,544.168774
0.5,10,544.177918
-2.5,10,544.186961
10.0,10,544.195775
-14.0,10,544.204556
10.0,10,544.21331
-8.5,10,544.221954
10.0,10,544.230726
-4.0,10,544.239367
4.0,10,544.248041
5.0,10,544.256665
10.0,10,544.265225
10.0,10,544.273933
10.0,10,544.282559
0.5,10,544.291193
5.0,10,544.299859
10.0,10,544.308451
-8.5,10,544.317094
10.0,10,544.325671
5.0,10,544.334431
10.0,10,544.343247
10.0,10,544.351804
-8.5,10,544.360466
10.0,10,544.368935
5.0,10,544.377523
10.0,10,544.386079
5.0,10,544.394653
-5.0,10,544.403245
5.0,10,544.411934
5.0,10,544.420753
-10.0,10,544.42936
-10.0,10,544.437892
10.0,10,544.446481
-8.0,10,566.279514
5.0,10,566.288311
5.0,10,566.297301
3.5,10,566.306355
-10.0,10,566.315403
1.0,10,566.324422
4.0,10,566.333646
5.0,10,566.342646
-8.5,10,566.351668
2.0,10,566.360692
7.0,10,566.369715
10.0,10,566.378744
-20.0,10,566.387838
5.0,10,566.396967
-5.0,10,566.405994
-10.0,10,566.415339
-2.5,10,566.42434
10.0,10,566.433448
-5.5,10,566.442471
10.0,10,566.451513
5.0,10,566.460545
-5.5,10,566.469524
-5.5,10,566.478508
10.0,10,566.487465
5.0,10,566.496397
2.0,10,566.505436
10.0,10,566.514429
10.0,10,566.523551
-7.0,10,566.532501
-11.0,10,566.541479
5.0,10,566.550455
-10.0,10,566.559482
0.5,10,566.568687
5.0,10,566.577716
-2.5,10,566.58672
10.0,10,566.596016
5.0,10,566.605191
5.0,10,566.61427
5.0,10,566.622874
5.0,10,566.631467
10.0,10,566.640066
0.5,10,566.648651
-10.0,10,566.657223
5.0,10,566.665782
10.0,10,566.674366
4.0,10,566.682941
10.0,10,566.691549
-8.5,10,566.700099
10.0,10,566.708736
1.0,10,566.717422
-4.0,10,588.508334
10.0,10,588.516798
5.0,10,588.525106
10.0,10,588.533468
5.0,10,588.541936
10.0,10,588.5504
5.0,10,588.558734
5.0,10,588.56758
10.0,10,588.576104
5.0,10,588.584655
-20.0,10,588.593049
10.0,10,588.601587
10.0,10,588.609934
5.0,10,588.618453
10.0,10,588.626895
10.0,10,588.635303
10.0,10,588.643741
5.0,10,588.652133
10.0,10,588.660655
-11.0,10,588.669126
10.0,10,588.67759
-5.5,10,588.686018
10.0,10,588.69436
3.5,10,588.702771
10.0,10,588.711122
5.0,10,588.719583
-2.5,10,588.72804
0.5,10,588.736363
5.0,10,588.744733
10.0,10,588.753055
10.0,10,588.76146
10.0,10,588.769847
-10.0,10,588.778322
-7.0,10,588.786683
5.0,10,588.795107
-4.0,10,588.803399
-20.0,10,588.811811
10.0,10,588.820211
4.0,10,588.828918
5.0,10,588.837279
10.0,10,588.845778
-7.0,10,588.854134
7.0,10,588.86253
4.0,10,588.870927
-1.0,10,588.879367
10.0,10,588.887704
-10.0,10,588.896111
-8.5,10,588.904496
-14.0,10,588.912861
10.0,10,588.921182
-8.0,10,610.636637
10.0,10,610.645406
10.0,10,610.65414
-10.0,10,610.66286
10.0,10,610.671678
7.0,10,610.680316
10.0,10,610.688957
5.0,10,610.697661
2.0,10,610.706306
-10.0,10,610.714874
5.0,10,610.723497
3.5,10,610.732179
-10.0,10,610.740847
4.0,10,610.749611
10.0,10,610.758331
10.0,10,610.766882
5.0,10,610.775629
10.0,10,610.784369
5.0,10,610.793003
10.0,10,610.801692
0.5,10,610.810358
-10.0,10,610.818994
10.0,10,610.827667
10.0,10,610.836295
5.0,10,610.844879
10.0,10,610.853813
3.5,10,610.862441
3.5,10,610.871054
5.0,10,610.879575
5.0,10,610.888212
5.0,10,610.896857
5.0,10,610.905463
5.0,10,610.9141
-5.0,10,610.923666
-2.0,10,610.932583
10.0,10,610.941215
5.0,10,610.950743
-5.5,10,610.959401
5.0,10,610.968402
5.0,10,610.977064
5.0,10,610.985677
5.0,10,610.994357
10.0,10,611.003012
5.0,10,611.011618
2.0,10,611.020235
5.0,10,611.028923
-2.0,10,611.037485
-8.5,10,611.04608
5.0,10,611.054668
-5.5,10,611.063426
10.0,10,633.040397
10.0,10,633.048926
3.5,10,633.059056
4.0,10,633.067448
10.0,10,633.076032
-11.0,10,633.084436
10.0,10,633.092901
10.0,10,633.101437
-7.0,10,633.110266
5.0,10,633.11881
-8.5,10,633.127468
7.0,10,633.136191
-1.0,10,633.144737
10.0,10,633.15335
5.0,10,633.161945
0.5,10,633.170553
5.0,10,633.179124
10.0,10,633.187711
4.0,10,633.196347
5.0,10,633.20492
5.0,10,633.213494
10.0,10,633.221997
5.0,10,633.230606
-10.0,10,633.239162
4.0,10,633.247767
4.0,10,633.256445
10.0,10,633.265063
5.0,10,633.273765
10.0,10,633.282317
5.0,10,633.290934
-5.5,10,633.299663
-1.0,10,633.308479
5.0,10,633.317017
7.0,10,633.325589
10.0,10,633.334127
-5.5,10,633.3427
5.0,10,633.351285
10.0,10,633.35987
-10.0,10,633.368498
5.0,10,633.37709
10.0,10,633.385702
-10.0,10,633.394349
-1.0,10,633.402971
7.0,10,633.411641
-10.0,10,633.420475
2.0,10,633.428976
10.0,10,633.43751
0.5,10,633.446049
-2.0,10,633.454607
5.0,10,633.463172
-10.0,10,655.143465
10.0,10,655.151958
2.0,10,655.160378
5.0,10,655.168972
10.0,10,655.177563
10.0,10,655.186198
4.0,10,655.19488
-5.0,10,655.20354
-8.0,10,655.212154
0.5,10,655.220838
0.5,10,655.229467
1.0,10,655.238174
3.5,10,655.24677
-1.0,10,655.255337
10.0,10,655.263957
-7.0,10,655.272679
0.5,10,655.281247
1.0,10,655.289988
10.0,10,655.298687
-20.0,10,655.307369
5.0,10,655.316127
10.0,10,655.324832
3.5,10,655.33344
3.5,10,655.34223
10.0,10,655.350874
-10.0,10,655.359395
10.0,10,655.368084
5.0,10,655.376714
4.0,10,655.385323
5.0,10,655.393996
10.0,10,655.40262
-10.0,10,655.411337
10.0,10,655.420388
10.0,10,655.429121
3.5,10,655.437661
-8.5,10,655.446516
10.0,10,655.455261
5.0,10,655.463907
10.0,10,655.472608
5.0,10,655.481164
10.0,10,655.489647
1.0,10,655.498218
5.0,10,655.506804
10.0,10,655.515414
-4.0,10,655.524078
5.0,10,655.532734
5.0,10,655.542265
-10.0,10,655.557039
7.0,10,655.571881
5.0,10,655.585721
5.0,10,677.371914
5.0,10,677.38073
-7.0,10,677.389527
-20.0,10,677.398301
-14.0,10,677.407067
10.0,10,677.416021
-11.0,10,677.424788
0.5,10,677.433569
2.0,10,677.442256
-2.0,10,677.45101
-10.0,10,677.459781
1.0,10,677.468533
7.0,10,677.4773
10.0,10,677.486124
5.0,10,677.49486
10.0,10,677.503482
10.0,10,677.512159
10.0,10,677.520792
5.0,10,677.529452
10.0,10,677.538221
10.0,10,677.546847
7.0,10,677.555541
-10.0,10,677.564234
-10.0,10,677.573092
4.0,10,677.581923
0.5,10,677.590557
10.0,10,677.59925
-2.5,10,677.60793
5.0,10,677.616591
10.0,10,677.62525
7.0,10,677.633982
5.0,10,677.642626
10.0,10,677.651433
-7.0,10,677.660081
5.0,10,677.668686
-10.0,10,677.677327
10.0,10,677.685929
2.0,10,677.694593
-5.0,10,677.703194
5.0,10,677.711851
-2.5,10,677.720585
10.0,10,677.729208
-8.0,10,677.737833
10.0,10,677.746392
-8.0,10,677.754936
10.0,10,677.763596
5.0,10,677.772255
10.0,10,677.781059
10.0,10,677.789736
4.0,10,677.798392
10.0,10,699.49943
5.0,10,699.507956
10.0,10,699.516391
10.0,10,699.524834
-10.0,10,699.53319
10.0,10,699.541616
10.0,10,699.550043
5.0,10,699.558452
7.0,10,699.566954
7.0,10,699.575385
4.0,10,699.583777
10.0,10,699.59211
0.5,10,699.60043
-11.0,10,699.608809
4.0,10,699.617235
-2.0,10,699.62573
10.0,10,699.634041
-2.5,10,699.642416
-8.0,10,699.650722
0.5,10,699.659091
4.0,10,699.667614
-2.0,10,699.676268
5.0,10,699.684803
10.0,10,699.693146
10.0,10,699.701471
10.0,10,699.70988
10.0,10,699.718231
3.5,10,699.726614
-14.0,10,699.734962
2.0,10,699.743298
10.0,10,699.751615
10.0,10,699.759942
5.0,10,699.768315
10.0,10,699.776752
5.0,10,699.785215
10.0,10,699.793573
4.0,10,699.801859
4.0,10,699.810247
10.0,10,699.818701
-8.0,10,699.827012
-2.0,10,699.835307
5.0,10,699.843606
10.0,10,699.852051
-2.5,10,699.860444
10.0,10,699.868766
10.0,10,699.877188
-1.0,10,699.885531
2.0,10,699.894575
-8.0,10,699.90307
5.0,10,699.91145
1.0,10,721.668279
-2.5,10,721.676786
-8.0,10,721.685376
4.0,10,721.69381
5.0,10,721.702386
-10.0,10,721.710801
5.0,10,721.719195
10.0,10,721.727595
-1.0,10,721.736015
10.0,10,721.744388
5.0,10,721.752733
10.0,10,721.761107
7.0,10,721.769433
-11.0,10,721.777836
5.0,10,721.786197
2.0,10,721.794554
10.0,10,721.802988
10.0,10,721.811432
10.0,10,721.819809
5.0,10,721.828127
7.0,10,721.836488
4.0,10,721.844824
3.5,10,721.853224
10.0,10,721.861613
5.0,10,721.869985
10.0,10,721.878519
-2.5,10,721.886837
10.0,10,721.895165
-5.5,10,721.903573
3.5,10,721.912012
10.0,10,721.920352
3.5,10,721.928638
5.0,10,721.937115
5.0,10,721.945438
5.0,10,721.953784
-8.5,10,721.962316
10.0,10,721.971371
10.0,10,721.979798
-4.0,10,721.988169
10.0,10,721.996532
10.0,10,722.004878
10.0,10,722.013389
-10.0,10,722.021752
10.0,10,722.030113
10.0,10,722.038449
5.0,10,722.047082
-4.0,10,722.055544
-2.0,10,722.064058
3.5,10,722.072829
5.0,10,722.08126
-10.0,10,745.275334
10.0,10,745.284874
5.0,10,745.294692
10.0,10,745.303864
2.0,10,745.312748
-20.0,10,745.321611
2.0,10,745.330353
10.0,10,745.339653
-2.5,10,745.348739
5.0,10,745.358118
5.0,10,745.367777
10.0,10,745.376543
5.0,10,745.385292
4.0,10,745.393989
5.0,10,745.402664
5.0,10,745.411537
5.0,10,745.420923
10.0,10,745.431433
5.0,10,745.440911
-8.5,10,745.449898
7.0,10,745.458786
10.0,10,745.467656
4.0,10,745.476256
10.0,10,745.484876
5.0,10,745.493615
2.0,10,745.502271
5.0,10,745.510915
5.0,10,745.519509
-5.5,10,745.528135
-10.0,10,745.536979
10.0,10,745.546101
5.0,10,745.55568
10.0,10,745.564761
10.0,10,745.574189
2.0,10,745.583845
-4.0,10,745.593342
-2.0,10,745.60251
5.0,10,745.61148
10.0,10,745.620762
3.5,10,745.629632
2.0,10,745.638429
10.0,10,745.647125
1.0,10,745.655881
10.0,10,745.664398
5.0,10,745.673035
10.0,10,745.681927
10.0,10,745.690866
4.0,10,745.699693
5.0,10,745.708353
1.0,10,745.717113
10.0,10,767.935197
-10.0,10,767.943751
3.5,10,767.952287
10.0,10,767.960912
5.0,10,767.970036
1.0,10,767.978945
10.0,10,767.98765
-10.0,10,767.996293
10.0,10,768.005076
1.0,10,768.01386
1.0,10,768.022568
0.5,10,768.031269
-8.5,10,768.039951
10.0,10,768.048556
10.0,10,768.057146
10.0,10,768.065935
10.0,10,768.075028
-8.5,10,768.083617
10.0,10,768.092318
5.0,10,768.100933
10.0,10,768.109586
5.0,10,768.118191
4.0,10,768.126746
3.5,10,768.135352
10.0,10,768.143984
5.0,10,768.152636
5.0,10,768.161205
10.0,10,768.169776
10.0,10,768.178452
10.0,10,768.187037
1.0,10,768.19561
10.0,10,768.204258
10.0,10,768.212839
10.0,10,768.221852
-10.0,10,768.230487
-5.5,10,768.239051
0.5,10,768.247674
10.0,10,768.256323
10.0,10,768.264946
5.0,10,768.273488
3.5,10,768.282024
10.0,10,768.290555
10.0,10,768.299214
10.0,10,768.307804
10.0,10,768.316357
-14.0,10,768.324893
5.0,10,768.333437
10.0,10,768.342073
7.0,10,768.350643
10.0,10,768.35927
5.0,10,790.285643
5.0,10,790.294043
5.0,10,790.302563
-2.0,10,790.311189
5.0,10,790.319754
10.0,10,790.328349
10.0,10,790.337007
3.5,10,790.345639
2.0,10,790.354443
-10.0,10,790.363065
-8.0,10,790.371682
-10.0,10,790.380336
0.5,10,790.388895
-10.0,10,790.397537
10.0,10,790.406174
-7.0,10,790.41531
-20.0,10,790.4239
-11.0,10,790.432512
5.0,10,790.44122
10.0,10,790.44994
10.0,10,790.458618
-17.0,10,790.467147
10.0,10,790.475718
10.0,10,790.484354
5.0,10,790.492969
5.0,10,790.501558
-7.0,10,790.510207
10.0,10,790.518986
10.0,10,790.527632
3.5,10,790.53629
10.0,10,790.544952
-10.0,10,790.55371
5.0,10,790.562435
0.5,10,790.571547
5.0,10,790.580237
-11.0,10,790.588953
-10.0,10,790.597633
3.5,10,790.606421
10.0,10,790.615132
-5.5,10,790.623886
5.0,10,790.632542
10.0,10,790.641168
0.5,10,790.649745
10.0,10,790.658398
5.0,10,790.667094
-1.0,10,790.675677
3.5,10,790.684613
10.0,10,790.693311
5.0,10,790.701928
10.0,10,790.710573
-5.5,10,813.186642
10.0,10,813.195174
-1.0,10,813.203617
10.0,10,813.212178
10.0,10,813.220795
10.0,10,813.229469
1.0,10,813.238132
5.0,10,813.24677
-10.0,10,813.255606
-11.0,10,813.264246
10.0,10,813.272857
1.0,10,813.281556
5.0,10,813.290243
5.0,10,813.298957
10.0,10,813.307806
10.0,10,813.316485
10.0,10,813.325162
10.0,10,813.333784
2.0,10,813.342479
10.0,10,813.351123
-20.0,10,813.359755
-10.0,10,813.368472
5.0,10,813.37804
-7.0,10,813.386656
10.0,10,813.395466
1.0,10,813.404159
10.0,10,813.413268
4.0,10,813.421966
-10.0,10,813.430691
10.0,10,813.439384
3.5,10,813.448031
1.0,10,813.456675
3.5,10,813.465305
10.0,10,813.473937
10.0,10,813.482609
10.0,10,813.491339
10.0,10,813.500028
10.0,10,813.50862
-5.0,10,813.517332
10.0,10,813.525916
5.0,10,813.53454
5.0,10,813.543127
10.0,10,813.551724
4.0,10,813.560715
5.0,10,813.569619
0.5,10,813.578267
5.0,10,813.586862
4.0,10,813.595608
-8.5,10,813.604268
3.5,10,813.612976
5.0,10,835.746875
3.5,10,835.756053
2.0,10,835.76516
3.5,10,835.774312
10.0,10,835.783519
-5.0,10,835.792389
10.0,10,835.802395
5.0,10,835.811745
5.0,10,835.820915
10.0,10,835.830462
10.0,10,835.839434
2.0,10,835.848956
5.0,10,835.857925
3.5,10,835.867756
5.0,10,835.876744
-17.0,10,835.885929
7.0,10,835.894939
5.0,10,835.9042
-8.0,10,835.913846
-14.0,10,835.923076
-20.0,10,835.932188
10.0,10,835.94084
-10.0,10,835.949529
2.0,10,835.958131
10.0,10,835.966816
5.0,10,835.975407
5.0,10,835.983998
5.0,10,835.992631
5.0,10,836.001171
10.0,10,836.009786
-20.0,10,836.018378
10.0,10,836.027023
5.0,10,836.035685
10.0,10,836.044708
5.0,10,836.055136
5.0,10,836.064507
5.0,10,836.073346
5.0,10,836.082668
10.0,10,836.091537
-10.0,10,836.100984
10.0,10,836.109913
5.0,10,836.11942
-5.0,10,836.12849
10.0,10,836.139741
-2.0,10,836.149267
10.0,10,836.158892
10.0,10,836.168483
5.0,10,836.178012
5.0,10,836.187164
10.0,10,836.196374
5.0,10,858.104813
-1.0,10,858.113409
-10.0,10,858.121983
10.0,10,858.13109
-11.0,10,858.139884
4.0,10,858.14869
-2.0,10,858.157502
0.5,10,858.166327
10.0,10,858.175181
10.0,10,858.18397
5.0,10,858.192806
5.0,10,858.201604
10.0,10,858.210422
10.0,10,858.219215
10.0,10,858.228219
10.0,10,858.237035
5.0,10,858.245821
10.0,10,858.25456
10.0,10,858.263304
-10.0,10,858.272156
10.0,10,858.281007
-10.0,10,858.289907
5.0,10,858.298824
10.0,10,858.307614
10.0,10,858.316415
5.0,10,858.325204
5.0,10,858.333982
-8.5,10,858.34279
10.0,10,858.351667
5.0,10,858.360528
1.0,10,858.369323
-2.5,10,858.378141
5.0,10,858.386868
10.0,10,858.395671
10.0,10,858.404673
2.0,10,858.413547
5.0,10,858.422484
5.0,10,858.43121
5.0,10,858.439995
-5.0,10,858.448796
-5.0,10,858.457613
10.0,10,858.466455
5.0,10,858.475297
10.0,10,858.484129
10.0,10,858.492915
5.0,10,858.501691
7.0,10,858.510497
-2.5,10,858.519296
5.0,10,858.528199
5.0,10,858.537005
-10.0,10,883.012954
5.0,10,883.021535
5.0,10,883.030095
-11.0,10,883.038748
-10.0,10,883.047352
5.0,10,883.055904
-5.0,10,883.064483
-10.0,10,883.073366
7.0,10,883.08192
5.0,10,883.091041
10.0,10,883.099658
5.0,10,883.108289
1.0,10,883.11695
10.0,10,883.125607
10.0,10,883.134238
10.0,10,883.14287
-11.0,10,883.151507
10.0,10,883.160032
5.0,10,883.168639
10.0,10,883.177299
2.0,10,883.185847
5.0,10,883.194481
10.0,10,883.203054
10.0,10,883.211718
10.0,10,883.220342
10.0,10,883.228923
-10.0,10,883.237462
3.5,10,883.246028
5.0,10,883.254588
-2.5,10,883.263231
-2.5,10,883.271776
1.0,10,883.280376
5.0,10,883.288902
10.0,10,883.297454
-10.0,10,883.305988
5.0,10,883.314656
-2.5,10,883.323301
10.0,10,883.331865
5.0,10,883.340322
-10.0,10,883.348815
7.0,10,883.357381
10.0,10,883.365846
1.0,10,883.374409
2.0,10,883.382929
5.0,10,883.391481
10.0,10,883.400128
5.0,10,883.408689
5.0,10,883.417424
5.0,10,883.42603
-7.0,10,883.434674
5.0,10,905.536707
10.0,10,905.545145
4.0,10,905.55353
5.0,10,905.562005
7.0,10,905.570589
3.5,10,905.578963
-10.0,10,905.587323
10.0,10,905.595712
10.0,10,905.604053
5.0,10,905.612506
-5.5,10,905.620813
10.0,10,905.629257
5.0,10,905.637742
1.0,10,905.646068
10.0,10,905.654527
-1.0,10,905.662886
5.0,10,905.671186
-10.0,10,905.679598
-20.0,10,905.687939
-1.0,10,905.696375
10.0,10,905.704695
-10.0,10,905.713011
-11.0,10,905.721331
10.0,10,905.729666
-5.0,10,905.737952
10.0,10,905.746402
1.0,10,905.754696
10.0,10,905.763021
5.0,10,905.771331
10.0,10,905.779751
-8.5,10,905.788195
5.0,10,905.796631
10.0,10,905.804947
4.0,10,905.813355
10.0,10,905.821664
-10.0,10,905.830033
10.0,10,905.8384
5.0,10,905.846786
10.0,10,905.855149
10.0,10,905.863498
10.0,10,905.871948
2.0,10,905.880306
10.0,10,905.888653
10.0,10,905.896981
5.0,10,905.905334
5.0,10,905.913715
-10.0,10,905.922242
-10.0,10,905.930649
2.0,10,905.939018
-4.0,10,905.947352
-11.0,10,912.855392
10.0,10,912.866945
10.0,10,912.878221
10.0,10,912.889407
7.0,10,912.900591
10.0,10,912.911461
-4.0,10,912.92074
-8.0,10,912.930054
0.5,10,912.939237
5.0,10,912.948704
5.0,10,912.957997
10.0,10,912.967701
5.0,10,912.977019
1.0,10,912.986302
-20.0,10,912.995498
10.0,10,913.004701
-1.0,10,913.014022
10.0,10,913.02319
5.0,10,913.032417
-8.0,10,913.041619
5.0,10,913.050601
4.0,10,913.059462
-7.0,10,913.068324
-2.0,10,913.077587
4.0,10,913.086212
5.0,10,913.095447
-20.0,10,913.104089
5.0,10,913.113479
10.0,10,913.122192
1.0,10,913.131575
5.0,10,913.140639
-20.0,10,913.149743
10.0,10,913.158917
5.0,10,913.16801
-10.0,10,913.176979
5.0,10,913.185846
-10.0,10,913.195004
-5.5,10,913.203842
-10.0,10,913.213116
-8.0,10,913.222176
-10.0,10,913.231457
10.0,10,913.240561
10.0,10,913.249516
10.0,10,913.258609
10.0,10,913.267488
10.0,10,913.276447
5.0,10,913.285214
5.0,10,913.294258
10.0,10,913.303024
0.5,10,913.311978
-10.0,10,913.320653
10.0,10,913.329748
5.0,10,913.338685
10.0,10,913.348045
10.0,10,913.356957
-2.5,10,913.366031
10.0,10,913.375634
2.0,10,913.386013
4.0,10,913.396808
0.5,10,913.406083
-8.5,10,913.415021
10.0,10,913.424028
10.0,10,913.432964
10.0,10,913.442066
10.0,10,913.450846
5.0,10,913.459968
-1.0,10,913.468806
7.0,10,913.4781
5.0,10,913.486723
2.0,10,913.495938
10.0,10,913.50476
5.0,10,913.514291
-10.0,10,913.52367
2.0,10,913.532611
10.0,10,913.541773
10.0,10,913.550581
10.0,10,913.559744
-20.0,10,913.568678
-7.0,10,913.578155
10.0,10,913.586781
5.0,10,913.596198
5.0,10,913.605295
3.5,10,913.614405
10.0,10,913.623515
5.0,10,913.632517
-5.0,10,913.641903
5.0,10,913.650855
-7.0,10,913.66158
10.0,10,913.672283
10.0,10,913.682821
-10.0,10,913.692066
5.0,10,913.701001
-17.0,10,913.710088
5.0,10,913.718857
2.0,10,913.728051
-10.0,10,913.736694
2.0,10,913.745912
2.0,10,913.754546
10.0,10,913.763847
-10.0,10,913.772743
